Season,position,,team,Played,Won,Drawn,Lost,Goals For,Goals Against,Goal Difference,Points,Points per Game,Last Result,Form,Games Scored In,Clean Sheets,Opponents,Result,Scorers
1992–1993,19,,Manchester United,1,0,0,1,1,2,-1,0,0.0,L,L,1,0,Sheffield United,1–2,Hughes 61
1992–1993,22,,Manchester United,2,0,0,2,1,5,-4,0,0.0,L,LL,1,0,Everton,0–3,
1992–1993,20,,Manchester United,3,0,1,2,2,6,-4,1,0.33,D,LLD,2,0,Ipswich Town,1–1,Irwin 57
1992–1993,11,,Manchester United,4,1,1,2,3,6,-3,4,1.0,W,LLDW,3,1,Southampton,1–0,Dublin 88
1992–1993,8,,Manchester United,5,2,1,2,5,6,-1,7,1.4,W,LLDWW,4,2,Nottingham Forest,2–0,"Hughes 16, Giggs 49"
1992–1993,6,,Manchester United,6,3,1,2,6,6,0,10,1.67,W,LDWWW,5,3,Crystal Palace,1–0,Hughes 88
1992–1993,4,,Manchester United,7,4,1,2,8,6,2,13,1.86,W,DWWWW,6,4,Leeds United,2–0,"Kanchelskis 28, Bruce 44"
1992–1993,3,,Manchester United,8,5,1,2,10,6,4,16,2.0,W,WWWWW,7,5,Everton,2–0,"McClair 29, Bruce 76 (pen.)"
1992–1993,4,,Manchester United,9,5,2,2,11,7,4,17,1.89,D,WWWWD,8,5,Tottenham Hotspur,1–1,Giggs 44
1992–1993,4,,Manchester United,10,5,3,2,11,7,4,18,1.8,D,WWWDD,8,6,Queens Park Rangers,0–0,
1992–1993,6,,Manchester United,11,5,4,2,12,8,4,19,1.73,D,WWDDD,9,6,Middlesbrough,1–1,Bruce 44 (pen.)
1992–1993,5,,Manchester United,12,5,5,2,14,10,4,20,1.67,D,WDDDD,10,6,Liverpool,2–2,"Hughes(2)  79, 89"
1992–1993,7,,Manchester United,13,5,6,2,14,10,4,21,1.62,D,DDDDD,10,7,Blackburn Rovers,0–0,
1992–1993,7,,Manchester United,14,5,6,3,14,11,3,21,1.5,L,DDDDL,10,7,Wimbledon,0–1,
1992–1993,10,,Manchester United,15,5,6,4,14,12,2,21,1.4,L,DDDLL,10,7,Aston Villa,0–1,
1992–1993,8,,Manchester United,16,6,6,4,17,12,5,24,1.5,W,DDLLW,11,8,Oldham Athletic,3–0,"McClair(2)  10, 28, Hughes 11"
1992–1993,5,,Manchester United,17,7,6,4,18,12,6,27,1.59,W,DLLWW,12,9,Arsenal,1–0,Hughes 27
1992–1993,5,,Manchester United,18,8,6,4,20,13,7,30,1.67,W,LLWWW,13,9,Manchester City,2–1,"Ince 20, Hughes 74"
1992–1993,4,,Manchester United,19,9,6,4,21,13,8,33,1.74,W,LWWWW,14,10,Norwich City,1–0,Hughes 59
1992–1993,3,,Manchester United,20,9,7,4,22,14,8,34,1.7,D,WWWWD,15,10,Chelsea,1–1,Cantona 71
1992–1993,2,,Manchester United,21,9,8,4,25,17,8,35,1.67,D,WWWDD,16,10,Sheffield Wednesday,3–3,"McClair(2)  67, 80, Cantona 84"
1992–1993,2,,Manchester United,22,10,8,4,30,17,13,38,1.73,W,WWDDW,17,11,Coventry City,5–0,"Giggs 6, Hughes 40, Cantona 64 (pen.), Sharpe 78, Irwin 83"
1992–1993,1,,Manchester United,23,11,8,4,34,18,16,41,1.78,W,WDDWW,18,11,Tottenham Hotspur,4–1,"Cantona 40, Irwin 52, McClair 53, Parker 57"
1992–1993,1,,Manchester United,24,12,8,4,37,19,18,44,1.83,W,DDWWW,19,11,Queens Park Rangers,3–1,"Ince 26, Giggs 30, Kanchelskis 48"
1992–1993,2,,Manchester United,25,13,8,4,39,19,20,47,1.88,W,DWWWW,20,12,Nottingham Forest,2–0,"Ince 47, Hughes 68"
1992–1993,2,,Manchester United,26,13,8,5,40,21,19,47,1.81,L,WWWWL,21,12,Ipswich Town,1–2,McClair 84
1992–1993,1,,Manchester United,27,14,8,5,42,22,20,50,1.85,W,WWWLW,22,12,Sheffield United,2–1,"McClair 65, Cantona 80"
1992–1993,1,,Manchester United,28,14,9,5,42,22,20,51,1.82,D,WWLWD,22,13,Leeds United,0–0,
1992–1993,2,,Manchester United,29,15,9,5,44,23,21,54,1.86,W,WLWDW,23,13,Southampton,2–1,Giggs(2)  82  83
1992–1993,2,,Manchester United,30,16,9,5,47,23,24,57,1.9,W,LWDWW,24,14,Middlesbrough,3–0,"Giggs 21, Irwin 79, Cantona 86"
1992–1993,1,,Manchester United,31,17,9,5,49,24,25,60,1.94,W,WDWWW,25,14,Liverpool,2–1,"Hughes 42, McClair 56"
1992–1993,1,,Manchester United,32,17,9,6,49,25,24,60,1.88,L,DWWWL,25,14,Oldham Athletic,0–1,
1992–1993,1,,Manchester United,33,17,10,6,50,26,24,61,1.85,D,WWWLD,26,14,Aston Villa,1–1,Hughes 57
1992–1993,2,,Manchester United,34,17,11,6,51,27,24,62,1.82,D,WWLDD,27,14,Manchester City,1–1,Cantona 68
1992–1993,3,,Manchester United,35,17,12,6,51,27,24,63,1.8,D,WLDDD,27,15,Arsenal,0–0,
1992–1993,2,,Manchester United,36,18,12,6,54,28,26,66,1.83,W,LDDDW,28,15,Norwich City,3–1,"Giggs 13, Kanchelskis 20, Cantona 21"
1992–1993,1,,Manchester United,37,19,12,6,56,29,27,69,1.86,W,DDDWW,29,15,Sheffield Wednesday,2–1,"Bruce(2)  86, 90"
1992–1993,1,,Manchester United,38,20,12,6,57,29,28,72,1.89,W,DDWWW,30,16,Coventry City,1–0,Irwin 40
1992–1993,1,,Manchester United,39,21,12,6,60,29,31,75,1.92,W,DWWWW,31,17,Chelsea,3–0,"Hughes 24, Clarke 44 (o.g.), Cantona 48"
1992–1993,1,,Manchester United,40,22,12,6,62,29,33,78,1.95,W,WWWWW,32,18,Crystal Palace,2–0,"Hughes 64, Ince 89"
1992–1993,1,,Manchester United,41,23,12,6,65,30,35,81,1.98,W,WWWWW,33,18,Blackburn Rovers,3–1,"Giggs 21, Ince 60, Pallister 90"
1992–1993,1,,Manchester United,42,24,12,6,67,31,36,84,2.0,W,WWWWW,34,18,Wimbledon,2–1,"Ince 63, Robson 70"
1993–1994,5,,Manchester United,1,1,0,0,2,0,2,3,3.0,W,W,1,1,Norwich City,2–0,"Giggs 26, Robson 58"
1993–1994,1,,Manchester United,2,2,0,0,5,0,5,6,3.0,W,WW,2,2,Sheffield United,3–0,"Keane(2)  16, 43, Hughes 85"
1993–1994,3,,Manchester United,3,2,1,0,6,1,5,7,2.33,D,WWD,3,2,Newcastle United,1–1,Giggs 40
1993–1994,1,,Manchester United,4,3,1,0,8,2,6,10,2.5,W,WWDW,4,2,Aston Villa,2–1,"Sharpe(2)  17, 74"
1993–1994,1,,Manchester United,5,4,1,0,11,3,8,13,2.6,W,WWDWW,5,2,Southampton,3–1,"Sharpe 5, Cantona 16, Irwin 49, "
1993–1994,1,,Manchester United,6,5,1,0,14,3,11,16,2.67,W,WDWWW,6,3,West Ham United,3–0,"Sharpe 7, Cantona 44 (pen.), Bruce 88"
1993–1994,1,,Manchester United,7,5,1,1,14,4,10,16,2.29,L,DWWWL,6,3,Chelsea,0–1,
1993–1994,1,,Manchester United,8,6,1,1,15,4,11,19,2.38,W,WWWLW,7,4,Arsenal,1–0,Cantona 37
1993–1994,1,,Manchester United,9,7,1,1,19,6,13,22,2.44,W,WWLWW,8,4,Swindon Town,4–2,"Kanchelskis 4, Cantona 40, Hughes(2)  51, 90"
1993–1994,1,,Manchester United,10,8,1,1,22,8,14,25,2.5,W,WLWWW,9,4,Sheffield Wednesday,3–2,"Hughes(2)  50, 67, Giggs 70"
1993–1994,1,,Manchester United,11,9,1,1,24,9,15,28,2.55,W,LWWWW,10,4,Tottenham Hotspur,2–1,"Keane 65, Sharpe 69"
1993–1994,1,,Manchester United,12,10,1,1,25,9,16,31,2.58,W,WWWWW,11,5,Everton,1–0,Sharpe 53
1993–1994,1,,Manchester United,13,11,1,1,27,10,17,34,2.62,W,WWWWW,12,5,Queens Park Rangers,2–1,"Cantona 53, Hughes 57"
1993–1994,1,,Manchester United,14,12,1,1,30,12,18,37,2.64,W,WWWWW,13,5,Manchester City,3–2,"Cantona(2)  52, 78, Keane 87"
1993–1994,1,,Manchester United,15,13,1,1,33,13,20,40,2.67,W,WWWWW,14,5,Wimbledon,3–1,"Pallister 53, Hughes 65, Kanchelskis 80"
1993–1994,1,,Manchester United,16,13,2,1,33,13,20,41,2.56,D,WWWWD,14,6,Ipswich Town,0–0,
1993–1994,1,,Manchester United,17,14,2,1,34,13,21,44,2.59,W,WWWDW,15,7,Coventry City,1–0,Cantona 60
1993–1994,1,,Manchester United,18,14,3,1,36,15,21,45,2.5,D,WWDWD,16,7,Norwich City,2–2,"Giggs 30, McClair 42"
1993–1994,1,,Manchester United,19,15,3,1,39,15,24,48,2.53,W,WDWDW,17,8,Sheffield United,3–0,"Hughes 13, Sharpe 27, Cantona 60"
1993–1994,1,,Manchester United,20,15,4,1,40,16,24,49,2.45,D,DWDWD,18,8,Newcastle United,1–1,Ince 60
1993–1994,1,,Manchester United,21,16,4,1,43,17,26,52,2.48,W,WDWDW,19,8,Aston Villa,3–1,"Cantona(2)  21, 89, Ince 90"
1993–1994,1,,Manchester United,22,16,5,1,44,18,26,53,2.41,D,DWDWD,20,8,Blackburn Rovers,1–1,Ince 88
1993–1994,1,,Manchester United,23,17,5,1,49,20,29,56,2.43,W,WDWDW,21,8,Oldham Athletic,5–2,"Kanchelskis 4, Cantona 19 (pen.), Bruce 39, Giggs(2)  53, 59"
1993–1994,1,,Manchester United,24,17,6,1,49,20,29,57,2.38,D,DWDWD,21,9,Leeds United,0–0,
1993–1994,1,,Manchester United,25,17,7,1,52,23,29,58,2.32,D,WDWDD,22,9,Liverpool,3–3,"Bruce 9, Giggs 20, Irwin 24"
1993–1994,1,,Manchester United,26,18,7,1,53,23,30,61,2.35,W,DWDDW,23,10,Tottenham Hotspur,1–0,Hughes 49
1993–1994,1,,Manchester United,27,19,7,1,54,23,31,64,2.37,W,WDDWW,24,11,Everton,1–0,Giggs 27
1993–1994,1,,Manchester United,28,20,7,1,57,25,32,67,2.39,W,DDWWW,25,11,Queens Park Rangers,3–2,"Kanchelskis 19, Cantona 45, Giggs 59"
1993–1994,1,,Manchester United,29,20,8,1,59,27,32,68,2.34,D,DWWWD,26,11,West Ham United,2–2,"Hughes 6, Ince 87"
1993–1994,1,,Manchester United,30,20,8,2,59,28,31,68,2.27,L,WWWDL,26,11,Chelsea,0–1,
1993–1994,1,,Manchester United,31,21,8,2,64,28,36,71,2.29,W,WWDLW,27,12,Sheffield Wednesday,5–0,"Giggs 14, Hughes 15, Ince 21, Cantona(2)  45, 55"
1993–1994,1,,Manchester United,32,21,9,2,66,30,36,72,2.25,D,WDLWD,28,12,Swindon Town,2–2,"Keane 13, Ince 62, "
1993–1994,1,,Manchester United,33,21,10,2,68,32,36,73,2.21,D,DLWDD,29,12,Arsenal,2–2,Sharpe(2)  10  53
1993–1994,1,,Manchester United,34,22,10,2,69,32,37,76,2.24,W,LWDDW,30,13,Liverpool,1–0,Ince 36
1993–1994,1,,Manchester United,35,22,10,3,69,34,35,76,2.17,L,WDDWL,30,13,Blackburn Rovers,0–2,
1993–1994,1,,Manchester United,36,23,10,3,72,36,36,79,2.19,W,DDWLW,31,13,Oldham Athletic,3–2,"Giggs 11, Dublin 66, Ince 67"
1993–1994,1,,Manchester United,37,23,10,4,72,37,35,79,2.14,L,DWLWL,31,13,Wimbledon,0–1,
1993–1994,1,,Manchester United,38,24,10,4,74,37,37,82,2.16,W,WLWLW,32,14,Manchester City,2–0,"Cantona(2)  40, 45"
1993–1994,1,,Manchester United,39,25,10,4,76,37,39,85,2.18,W,LWLWW,33,15,Leeds United,2–0,"Kanchelskis 47, Giggs 85"
1993–1994,1,,Manchester United,40,26,10,4,78,38,40,88,2.2,W,WLWWW,34,15,Ipswich Town,2–1,"Cantona 36, Giggs 47"
1993–1994,1,,Manchester United,41,27,10,4,80,38,42,91,2.22,W,LWWWW,35,16,Southampton,2–0,"Kanchelskis 60, Hughes 89"
1993–1994,1,,Manchester United,42,27,11,4,80,38,42,92,2.19,D,WWWWD,35,17,Coventry City,0–0,
1994–1995,3,,Manchester United,1,1,0,0,2,0,2,3,3.0,W,W,1,1,Queens Park Rangers,2–0,"Hughes 48, McClair 69"
1994–1995,1,,Manchester United,2,1,1,0,3,1,2,4,2.0,D,WD,2,1,Nottingham Forest,1–1,Kanchelskis 23
1994–1995,3,,Manchester United,3,2,1,0,4,1,3,7,2.33,W,WDW,3,2,Tottenham Hotspur,1–0,Bruce 49
1994–1995,2,,Manchester United,4,3,1,0,7,1,6,10,2.5,W,WDWW,4,3,Wimbledon,3–0,"Cantona 40, McClair 81, Giggs 84"
1994–1995,5,,Manchester United,5,3,1,1,8,3,5,10,2.0,L,WDWWL,5,3,Leeds United,1–2,Cantona 72 (pen.)
1994–1995,3,,Manchester United,6,4,1,1,10,3,7,13,2.17,W,DWWLW,6,4,Liverpool,2–0,"Kanchelskis 73, McClair 74"
1994–1995,4,,Manchester United,7,4,1,2,12,6,6,13,1.86,L,WWLWL,7,4,Ipswich Town,2–3,"Cantona 71, Scholes 74"
1994–1995,4,,Manchester United,8,5,1,2,14,6,8,16,2.0,W,WLWLW,8,5,Everton,2–0,"Kanchelskis 41, Sharpe 88"
1994–1995,5,,Manchester United,9,5,1,3,14,7,7,16,1.78,L,LWLWL,8,5,Sheffield Wednesday,0–1,
1994–1995,4,,Manchester United,10,6,1,3,15,7,8,19,1.9,W,WLWLW,9,6,West Ham United,1–0,Cantona 44
1994–1995,3,,Manchester United,11,7,1,3,19,9,10,22,2.0,W,LWLWW,10,6,Blackburn Rovers,4–2,"Cantona 45 (pen.), Kanchelskis(2)  52, 82, Hughes 67"
1994–1995,3,,Manchester United,12,8,1,3,21,9,12,25,2.08,W,WLWWW,11,7,Newcastle United,2–0,"Pallister 11, Gillespie 77"
1994–1995,3,,Manchester United,13,9,1,3,23,10,13,28,2.15,W,LWWWW,12,7,Aston Villa,2–1,"Ince 41, Kanchelskis 51"
1994–1995,2,,Manchester United,14,10,1,3,28,10,18,31,2.21,W,WWWWW,13,8,Manchester City,5–0,"Cantona 24, Kanchelskis(3)  43, 47, 89, Hughes 70"
1994–1995,1,,Manchester United,15,11,1,3,31,10,21,34,2.27,W,WWWWW,14,9,Crystal Palace,3–0,"Irwin 8, Cantona 34, Kanchelskis 51"
1994–1995,2,,Manchester United,16,11,2,3,31,10,21,35,2.19,D,WWWWD,14,10,Arsenal,0–0,
1994–1995,2,,Manchester United,17,12,2,3,32,10,22,38,2.24,W,WWWDW,15,11,Norwich City,1–0,Cantona 36
1994–1995,2,,Manchester United,18,13,2,3,35,12,23,41,2.28,W,WWDWW,16,11,Queens Park Rangers,3–2,"Scholes(2)  34, 48, Keane 45"
1994–1995,2,,Manchester United,19,13,2,4,36,14,22,41,2.16,L,WDWWL,17,11,Nottingham Forest,1–2,Cantona 68
1994–1995,2,,Manchester United,20,14,2,4,39,16,23,44,2.2,W,DWWLW,18,11,Chelsea,3–2,"Hughes 22, Cantona 46 (pen.), McClair 79"
1994–1995,2,,Manchester United,21,14,3,4,40,17,23,45,2.14,D,WWLWD,19,11,Leicester City,1–1,Kanchelskis 61
1994–1995,2,,Manchester United,22,14,4,4,42,19,23,46,2.09,D,WLWDD,20,11,Southampton,2–2,"Butt 51, Pallister 79"
1994–1995,2,,Manchester United,23,15,4,4,44,19,25,49,2.13,W,LWDDW,21,12,Coventry City,2–0,"Scholes 30, Cantona 50 (pen.)"
1994–1995,2,,Manchester United,24,15,5,4,45,20,25,50,2.08,D,WDDWD,22,12,Newcastle United,1–1,Hughes 13
1994–1995,2,,Manchester United,25,16,5,4,46,20,26,53,2.12,W,DDWDW,23,13,Blackburn Rovers,1–0,Cantona 80
1994–1995,2,,Manchester United,26,16,6,4,47,21,26,54,2.08,D,DWDWD,24,13,Crystal Palace,1–1,May 57
1994–1995,2,,Manchester United,27,17,6,4,48,21,27,57,2.11,W,WDWDW,25,14,Aston Villa,1–0,Cole 18
1994–1995,1,,Manchester United,28,18,6,4,51,21,30,60,2.14,W,DWDWW,26,15,Manchester City,3–0,"Ince 58, Kanchelskis 74, Cole 78"
1994–1995,2,,Manchester United,29,19,6,4,53,21,32,63,2.17,W,WDWWW,27,16,Norwich City,2–0,"Ince 3, Kanchelskis 17"
1994–1995,2,,Manchester United,30,19,6,5,53,22,31,63,2.1,L,DWWWL,27,16,Everton,0–1,
1994–1995,2,,Manchester United,31,20,6,5,62,22,40,66,2.13,W,WWWLW,28,17,Ipswich Town,9–0,"Keane 16, Cole(5)  24, 37, 53, 65, 89, Hughes(2)  54, 59, Ince 73"
1994–1995,1,,Manchester United,32,21,6,5,63,22,41,69,2.16,W,WWLWW,29,18,Wimbledon,1–0,Bruce 84
1994–1995,2,,Manchester United,33,21,7,5,63,22,41,70,2.12,D,WLWWD,29,19,Tottenham Hotspur,0–0,
1994–1995,2,,Manchester United,34,21,7,6,63,24,39,70,2.06,L,LWWDL,29,19,Liverpool,0–2,
1994–1995,2,,Manchester United,35,22,7,6,66,24,42,73,2.09,W,WWDLW,30,20,Arsenal,3–0,"Hughes 27, Sharpe 32, Kanchelskis 80, "
1994–1995,2,,Manchester United,36,22,8,6,66,24,42,74,2.06,D,WDLWD,30,21,Leeds United,0–0,
1994–1995,2,,Manchester United,37,23,8,6,70,24,46,77,2.08,W,DLWDW,31,22,Leicester City,4–0,"Sharpe 34, Cole(2)  45, 53, Ince 90"
1994–1995,2,,Manchester United,38,23,9,6,70,24,46,78,2.05,D,LWDWD,31,23,Chelsea,0–0,
1994–1995,2,,Manchester United,39,24,9,6,73,26,47,81,2.08,W,WDWDW,32,23,Coventry City,3–2,"Scholes 33, Cole(2)  56, 79"
1994–1995,2,,Manchester United,40,25,9,6,74,26,48,84,2.1,W,DWDWW,33,24,Sheffield Wednesday,1–0,May 6
1994–1995,2,,Manchester United,41,26,9,6,76,27,49,87,2.12,W,WDWWW,34,24,Southampton,2–1,"Cole 22, Irwin 81 (pen.)"
1994–1995,2,,Manchester United,42,26,10,6,77,28,49,88,2.1,D,DWWWD,35,24,West Ham United,1–1,McClair 53
1995–1996,19,,Manchester United,1,0,0,1,1,3,-2,0,0.0,L,L,1,0,Aston Villa,1–3,Beckham 84
1995–1996,5,,Manchester United,2,1,0,1,3,4,-1,3,1.5,W,LW,2,0,West Ham United,2–1,"Scholes 50, Keane 68"
1995–1996,4,,Manchester United,3,2,0,1,6,5,1,6,2.0,W,LWW,3,0,Wimbledon,3–1,"Keane(2)  28, 80, Cole 60"
1995–1996,2,,Manchester United,4,3,0,1,8,6,2,9,2.25,W,LWWW,4,0,Blackburn Rovers,2–1,"Sharpe 46, Beckham 67"
1995–1996,2,,Manchester United,5,4,0,1,11,8,3,12,2.4,W,LWWWW,5,0,Everton,3–2,"Sharpe(2)  3, 49, Giggs 74"
1995–1996,2,,Manchester United,6,5,0,1,14,8,6,15,2.5,W,WWWWW,6,1,Bolton Wanderers,3–0,"Scholes(2)  18, 86, Giggs 34"
1995–1996,3,,Manchester United,7,5,1,1,14,8,6,16,2.29,D,WWWWD,6,2,Sheffield Wednesday,0–0,
1995–1996,3,,Manchester United,8,5,2,1,16,10,6,17,2.12,D,WWWDD,7,2,Liverpool,2–2,"Butt 2, Cantona 71 (pen.)"
1995–1996,2,,Manchester United,9,6,2,1,17,10,7,20,2.22,W,WWDDW,8,3,Manchester City,1–0,Scholes 5
1995–1996,2,,Manchester United,10,7,2,1,21,11,10,23,2.3,W,WDDWW,9,3,Chelsea,4–1,"Scholes(2)  4, 10, Giggs 78, McClair 85"
1995–1996,2,,Manchester United,11,8,2,1,23,11,12,26,2.36,W,DDWWW,10,4,Middlesbrough,2–0,"Pallister 44, Cole 88"
1995–1996,2,,Manchester United,12,8,2,2,23,12,11,26,2.17,L,DWWWL,10,4,Arsenal,0–1,
1995–1996,2,,Manchester United,13,9,2,2,27,13,14,29,2.23,W,WWWLW,11,4,Southampton,4–1,"Giggs(2)  1, 4, Scholes 9, Cole 69"
1995–1996,2,,Manchester United,14,10,2,2,31,13,18,32,2.29,W,WWLWW,12,5,Coventry City,4–0,"Irwin 28, McClair(2)  48, 76, Beckham 58"
1995–1996,2,,Manchester United,15,10,3,2,32,14,18,33,2.2,D,WLWWD,13,5,Nottingham Forest,1–1,Cantona 67 (pen.)
1995–1996,2,,Manchester United,16,10,4,2,33,15,18,34,2.12,D,LWWDD,14,5,Chelsea,1–1,Beckham 61
1995–1996,2,,Manchester United,17,10,5,2,35,17,18,35,2.06,D,WWDDD,15,5,Sheffield Wednesday,2–2,"Cantona(2)  18, 84"
1995–1996,2,,Manchester United,18,10,5,3,35,19,16,35,1.94,L,WDDDL,15,5,Liverpool,0–2,
1995–1996,2,,Manchester United,19,10,5,4,36,22,14,35,1.84,L,DDDLL,16,5,Leeds United,1–3,Cole 30
1995–1996,2,,Manchester United,20,11,5,4,38,22,16,38,1.9,W,DDLLW,17,6,Newcastle United,2–0,"Cole 6, Keane 53"
1995–1996,2,,Manchester United,21,12,5,4,40,23,17,41,1.95,W,DLLWW,18,6,Queens Park Rangers,2–1,"Cole 45, Giggs 52"
1995–1996,2,,Manchester United,22,12,5,5,41,27,14,41,1.86,L,LLWWL,19,6,Tottenham Hotspur,1–4,Cole 36
1995–1996,3,,Manchester United,23,12,6,5,41,27,14,42,1.83,D,LWWLD,19,7,Aston Villa,0–0,
1995–1996,2,,Manchester United,24,13,6,5,42,27,15,45,1.88,W,WWLDW,20,8,West Ham United,1–0,Cantona 9
1995–1996,2,,Manchester United,25,14,6,5,46,29,17,48,1.92,W,WLDWW,21,8,Wimbledon,4–2,"Cole 41, Perry 45 (o.g.), Cantona(2)  71, 81 (pen.)"
1995–1996,2,,Manchester United,26,15,6,5,47,29,18,51,1.96,W,LDWWW,22,9,Blackburn Rovers,1–0,Sharpe 15
1995–1996,2,,Manchester United,27,16,6,5,49,29,20,54,2.0,W,DWWWW,23,10,Everton,2–0,"Keane 30, Giggs 82"
1995–1996,2,,Manchester United,28,17,6,5,55,29,26,57,2.04,W,WWWWW,24,11,Bolton Wanderers,6–0,"Beckham 5, Bruce 15, Cole 70, Scholes(2)  76, 79, Butt 90"
1995–1996,2,,Manchester United,29,18,6,5,56,29,27,60,2.07,W,WWWWW,25,12,Newcastle United,1–0,Cantona 52
1995–1996,2,,Manchester United,30,18,7,5,57,30,27,61,2.03,D,WWWWD,26,12,Queens Park Rangers,1–1,Cantona 90
1995–1996,1,,Manchester United,31,19,7,5,58,30,28,64,2.06,W,WWWDW,27,13,Arsenal,1–0,Cantona 65
1995–1996,1,,Manchester United,32,20,7,5,59,30,29,67,2.09,W,WWDWW,28,14,Tottenham Hotspur,1–0,Cantona 51
1995–1996,1,,Manchester United,33,21,7,5,62,32,30,70,2.12,W,WDWWW,29,14,Manchester City,3–2,"Cantona 7 (pen.), Cole 42, Giggs 78"
1995–1996,1,,Manchester United,34,22,7,5,63,32,31,73,2.15,W,DWWWW,30,15,Coventry City,1–0,Cantona 47
1995–1996,1,,Manchester United,35,22,7,6,64,35,29,73,2.09,L,WWWWL,31,15,Southampton,1–3,Giggs 89
1995–1996,1,,Manchester United,36,23,7,6,65,35,30,76,2.11,W,WWWLW,32,16,Leeds United,1–0,Keane 72
1995–1996,1,,Manchester United,37,24,7,6,70,35,35,79,2.14,W,WWLWW,33,17,Nottingham Forest,5–0,"Scholes 42, Beckham(2)  45, 55, Giggs 70, Cantona 90"
1995–1996,1,,Manchester United,38,25,7,6,73,35,38,82,2.16,W,WLWWW,34,18,Middlesbrough,3–0,"May 14, Cole 54, Giggs 81"
1996–1997,1,,Manchester United,1,1,0,0,3,0,3,3,3.0,W,W,1,1,Wimbledon,3–0,"Cantona 25, Irwin 57, Beckham 87"
1996–1997,9,,Manchester United,2,1,1,0,5,2,3,4,2.0,D,WD,2,1,Everton,2–2,"Cruyff 70, Unsworth 82 (o.g.)"
1996–1997,5,,Manchester United,3,1,2,0,7,4,3,5,1.67,D,WDD,3,1,Blackburn Rovers,2–2,"Cruyff 38, Solskjær 69"
1996–1997,4,,Manchester United,4,1,3,0,8,5,3,6,1.5,D,WDDD,4,1,Derby County,1–1,Beckham 38
1996–1997,5,,Manchester United,5,2,3,0,12,5,7,9,1.8,W,WDDDW,5,2,Leeds United,4–0,"Martyn 3 (o.g.), Butt 49, Poborský76, Cantona 90"
1996–1997,1,,Manchester United,6,3,3,0,16,6,10,12,2.0,W,DDDWW,6,2,Nottingham Forest,4–1,"Solskjær 22, Giggs 41, Cantona(2)  82, 90 (pen.)"
1996–1997,4,,Manchester United,7,3,4,0,16,6,10,13,1.86,D,DDWWD,6,3,Aston Villa,0–0,
1996–1997,3,,Manchester United,8,4,4,0,18,6,12,16,2.0,W,DWWDW,7,4,Tottenham Hotspur,2–0,"Solskjær(2)  38, 57"
1996–1997,4,,Manchester United,9,5,4,0,19,6,13,19,2.11,W,WWDWW,8,5,Liverpool,1–0,Beckham 23
1996–1997,5,,Manchester United,10,5,4,1,19,11,8,19,1.9,L,WDWWL,8,5,Newcastle United,0–5,
1996–1997,5,,Manchester United,11,5,4,2,22,17,5,19,1.73,L,DWWLL,9,5,Southampton,3–6,"Beckham 42, May 56, Scholes 89"
1996–1997,6,,Manchester United,12,5,4,3,23,19,4,19,1.58,L,WWLLL,10,5,Chelsea,1–2,May 81
1996–1997,6,,Manchester United,13,6,4,3,24,19,5,22,1.69,W,WLLLW,11,6,Arsenal,1–0,Winterburn 63 (o.g.)
1996–1997,7,,Manchester United,14,6,5,3,26,21,5,23,1.64,D,LLLWD,12,6,Middlesbrough,2–2,"Keane 17, May 73"
1996–1997,5,,Manchester United,15,7,5,3,29,22,7,26,1.73,W,LLWDW,13,6,Leicester City,3–1,"Butt(2)  76, 87, Solskjær 85"
1996–1997,6,,Manchester United,16,7,6,3,31,24,7,27,1.69,D,LWDWD,14,6,West Ham United,2–2,"Solskjær 54, Beckham 75"
1996–1997,5,,Manchester United,17,7,7,3,32,25,7,28,1.65,D,WDWDD,15,6,Sheffield Wednesday,1–1,Scholes 61
1996–1997,3,,Manchester United,18,8,7,3,37,25,12,31,1.72,W,DWDDW,16,7,Sunderland,5–0,"Solskjær(2)  36, 48, Cantona(2)  43 (pen.), 79, Butt 58"
1996–1997,3,,Manchester United,19,9,7,3,41,25,16,34,1.79,W,WDDWW,17,8,Nottingham Forest,4–0,"Beckham 24, Butt 44, Solskjær 67, Cole 76"
1996–1997,2,,Manchester United,20,10,7,3,42,25,17,37,1.85,W,DDWWW,18,9,Leeds United,1–0,Cantona 9 (pen.)
1996–1997,3,,Manchester United,21,10,8,3,42,25,17,38,1.81,D,DWWWD,18,10,Aston Villa,0–0,
1996–1997,3,,Manchester United,22,11,8,3,44,26,18,41,1.86,W,WWWDW,19,10,Tottenham Hotspur,2–1,"Solskjær 23, Beckham 76"
1996–1997,2,,Manchester United,23,12,8,3,46,26,20,44,1.91,W,WWDWW,20,11,Coventry City,2–0,"Giggs 61, Solskjær 80"
1996–1997,1,,Manchester United,24,13,8,3,48,27,21,47,1.96,W,WDWWW,21,11,Wimbledon,2–1,"Giggs 75, Cole 82"
1996–1997,1,,Manchester United,25,14,8,3,50,28,22,50,2.0,W,DWWWW,22,11,Southampton,2–1,"Pallister 19, Cantona 79"
1996–1997,1,,Manchester United,26,15,8,3,52,29,23,53,2.04,W,WWWWW,23,11,Arsenal,2–1,"Cole 18, Solskjær 32"
1996–1997,1,,Manchester United,27,15,9,3,53,30,23,54,2.0,D,WWWWD,24,11,Chelsea,1–1,Beckham 68
1996–1997,1,,Manchester United,28,16,9,3,56,31,25,57,2.04,W,WWWDW,25,11,Coventry City,3–1,"Breen 4 (o.g.), Jess 5 (o.g.), Poborský47"
1996–1997,1,,Manchester United,29,16,9,4,57,33,24,57,1.97,L,WWDWL,26,11,Sunderland,1–2,Melville 77 (o.g.)
1996–1997,1,,Manchester United,30,17,9,4,59,33,26,60,2.0,W,WDWLW,27,12,Sheffield Wednesday,2–0,"Cole 19, Poborský60"
1996–1997,1,,Manchester United,31,18,9,4,61,33,28,63,2.03,W,DWLWW,28,13,Everton,2–0,"Solskjær 35, Cantona 79"
1996–1997,1,,Manchester United,32,18,9,5,63,36,27,63,1.97,L,WLWWL,29,13,Derby County,2–3,"Cantona 47, Solskjær 76"
1996–1997,1,,Manchester United,33,19,9,5,66,38,28,66,2.0,W,LWWLW,30,13,Blackburn Rovers,3–2,"Cole 32, Scholes 42, Cantona 79"
1996–1997,1,,Manchester United,34,20,9,5,69,39,30,69,2.03,W,WWLWW,31,13,Liverpool,3–1,"Pallister(2)  13, 42, Cole 63"
1996–1997,1,,Manchester United,35,20,10,5,71,41,30,70,2.0,D,WLWWD,32,13,Leicester City,2–2,"Solskjær(2)  45, 52"
1996–1997,1,,Manchester United,36,20,11,5,74,44,30,71,1.97,D,LWWDD,33,13,Middlesbrough,3–3,"Keane 34, G. Neville 42, Solskjær 67"
1996–1997,1,,Manchester United,37,20,12,5,74,44,30,72,1.95,D,WWDDD,33,14,Newcastle United,0–0,
1996–1997,1,,Manchester United,38,21,12,5,76,44,32,75,1.97,W,WDDDW,34,15,West Ham United,2–0,"Solskjær 12, Cruyff 84"
1997–1998,1,,Manchester United,1,1,0,0,2,0,2,3,3.0,W,W,1,1,Tottenham Hotspur,2–0,"Butt 82, Vega 83 (o.g.)"
1997–1998,2,,Manchester United,2,2,0,0,3,0,3,6,3.0,W,WW,2,2,Southampton,1–0,Beckham 79
1997–1998,3,,Manchester United,3,2,1,0,3,0,3,7,2.33,D,WWD,2,3,Leicester City,0–0,
1997–1998,2,,Manchester United,4,3,1,0,5,0,5,10,2.5,W,WWDW,3,4,Everton,2–0,"Beckham 29, Sheringham 50"
1997–1998,2,,Manchester United,5,4,1,0,8,0,8,13,2.6,W,WWDWW,4,5,Coventry City,3–0,"Cole 2, Keane 72, Poborský90"
1997–1998,1,,Manchester United,6,5,1,0,10,1,9,16,2.67,W,WDWWW,5,5,West Ham United,2–1,"Keane 21, Scholes 75"
1997–1998,1,,Manchester United,7,5,2,0,10,1,9,17,2.43,D,DWWWD,5,6,Bolton Wanderers,0–0,
1997–1998,2,,Manchester United,8,5,3,0,12,3,9,18,2.25,D,WWWDD,6,6,Chelsea,2–2,"Scholes 35, Solskjær 86"
1997–1998,2,,Manchester United,9,5,3,1,12,4,8,18,2.0,L,WWDDL,6,6,Leeds United,0–1,
1997–1998,2,,Manchester United,10,6,3,1,14,4,10,21,2.1,W,WDDLW,7,7,Crystal Palace,2–0,"Sheringham 18, Hreiðarsson 30 (o.g.)"
1997–1998,3,,Manchester United,11,6,4,1,16,6,10,22,2.0,D,DDLWD,8,7,Derby County,2–2,"Sheringham 51, Cole 83"
1997–1998,1,,Manchester United,12,7,4,1,23,6,17,25,2.08,W,DLWDW,9,8,Barnsley,7–0,"Cole(3)  17, 19, 45, Giggs(2)  43, 57, Scholes 59, Poborský80"
1997–1998,1,,Manchester United,13,8,4,1,29,7,22,28,2.15,W,LWDWW,10,8,Sheffield Wednesday,6–1,"Sheringham(2)  13, 63, Newsome 20 (o.g.), Cole 39, Solskjær(2)  41, 75"
1997–1998,1,,Manchester United,14,8,4,2,31,10,21,28,2.0,L,WDWWL,11,8,Arsenal,2–3,"Sheringham(2)  33, 40"
1997–1998,1,,Manchester United,15,9,4,2,36,12,24,31,2.07,W,DWWLW,12,8,Wimbledon,5–2,"Butt 48, Beckham(2)  67, 75, Scholes 81, Cole 85"
1997–1998,1,,Manchester United,16,10,4,2,40,12,28,34,2.12,W,WWLWW,13,9,Blackburn Rovers,4–0,"Solskjær(2)  17, 52, Henchoz 59 (o.g.), Kenna 84 (o.g.)"
1997–1998,1,,Manchester United,17,11,4,2,43,13,30,37,2.18,W,WLWWW,14,9,Liverpool,3–1,"Cole(2)  51, 74, Beckham 70"
1997–1998,1,,Manchester United,18,12,4,2,44,13,31,40,2.22,W,LWWWW,15,10,Aston Villa,1–0,Giggs 52
1997–1998,1,,Manchester United,19,13,4,2,45,13,32,43,2.26,W,WWWWW,16,11,Newcastle United,1–0,Cole 67
1997–1998,1,,Manchester United,20,14,4,2,47,13,34,46,2.3,W,WWWWW,17,12,Everton,2–0,"Berg 14, Cole 35"
1997–1998,1,,Manchester United,21,14,4,3,49,16,33,46,2.19,L,WWWWL,18,12,Coventry City,2–3,"Solskjær 31, Sheringham 48"
1997–1998,1,,Manchester United,22,15,4,3,51,16,35,49,2.23,W,WWWLW,19,13,Tottenham Hotspur,2–0,"Giggs(2)  44, 68"
1997–1998,1,,Manchester United,23,15,4,4,51,17,34,49,2.13,L,WWLWL,19,13,Southampton,0–1,
1997–1998,1,,Manchester United,24,15,4,5,51,18,33,49,2.04,L,WLWLL,19,13,Leicester City,0–1,
1997–1998,1,,Manchester United,25,15,5,5,52,19,33,50,2.0,D,LWLLD,20,13,Bolton Wanderers,1–1,Cole 85
1997–1998,1,,Manchester United,26,16,5,5,54,19,35,53,2.04,W,WLLDW,21,14,Aston Villa,2–0,"Beckham 83, Giggs 89"
1997–1998,1,,Manchester United,27,17,5,5,56,19,37,56,2.07,W,LLDWW,22,15,Derby County,2–0,"Giggs 19, Irwin 71 (pen.)"
1997–1998,1,,Manchester United,28,18,5,5,57,19,38,59,2.11,W,LDWWW,23,16,Chelsea,1–0,P. Neville 31
1997–1998,1,,Manchester United,29,18,5,6,57,21,36,59,2.03,L,DWWWL,23,16,Sheffield Wednesday,0–2,
1997–1998,1,,Manchester United,30,18,6,6,58,22,36,60,2.0,D,WWWLD,24,16,West Ham United,1–1,Scholes 66
1997–1998,1,,Manchester United,31,18,6,7,58,23,35,60,1.94,L,WWLDL,24,16,Arsenal,0–1,
1997–1998,1,,Manchester United,32,19,6,7,60,23,37,63,1.97,W,WLDLW,25,17,Wimbledon,2–0,"Johnsen 83, Scholes 90"
1997–1998,1,,Manchester United,33,20,6,7,63,24,39,66,2.0,W,LDLWW,26,17,Blackburn Rovers,3–1,"Cole 56, Scholes 73, Beckham 90"
1997–1998,1,,Manchester United,34,20,7,7,64,25,39,67,1.97,D,DLWWD,27,17,Liverpool,1–1,Johnsen 12
1997–1998,2,,Manchester United,35,20,8,7,65,26,39,68,1.94,D,LWWDD,28,17,Newcastle United,1–1,Beckham 38
1997–1998,2,,Manchester United,36,21,8,7,68,26,42,71,1.97,W,WWDDW,29,18,Crystal Palace,3–0,"Scholes 6, Butt 22, Cole 84"
1997–1998,2,,Manchester United,37,22,8,7,71,26,45,74,2.0,W,WDDWW,30,19,Leeds United,3–0,"Giggs 6, Irwin 31 (pen.), Beckham 59"
1997–1998,2,,Manchester United,38,23,8,7,73,26,47,77,2.03,W,DDWWW,31,20,Barnsley,2–0,"Cole 6, Sheringham 77"
1998–1999,7,,Manchester United,1,0,1,0,2,2,0,1,1.0,D,D,1,0,Leicester City,2–2,"Sheringham 79, Beckham 90"
1998–1999,11,,Manchester United,2,0,2,0,2,2,0,2,1.0,D,DD,1,1,West Ham United,0–0,
1998–1999,9,,Manchester United,3,1,2,0,6,3,3,5,1.67,W,DDW,2,1,Charlton Athletic,4–1,"Solskjær(2)  39, 63, Yorke 45, 48"
1998–1999,5,,Manchester United,4,2,2,0,8,3,5,8,2.0,W,DDWW,3,2,Coventry City,2–0,"Yorke 20, Johnsen 48"
1998–1999,10,,Manchester United,5,2,2,1,8,6,2,8,1.6,L,DDWWL,3,2,Arsenal,0–3,
1998–1999,5,,Manchester United,6,3,2,1,10,6,4,11,1.83,W,DWWLW,4,3,Liverpool,2–0,"Irwin 19 (pen.), Scholes 80"
1998–1999,2,,Manchester United,7,4,2,1,13,6,7,14,2.0,W,WWLWW,5,4,Southampton,3–0,"Yorke 12, Cole 60, Cruyff 75"
1998–1999,2,,Manchester United,8,5,2,1,18,7,11,17,2.12,W,WLWWW,6,4,Wimbledon,5–1,"Cole(2)  19, 88, Giggs 45, Beckham 47, Yorke 52"
1998–1999,2,,Manchester United,9,5,3,1,19,8,11,18,2.0,D,LWWWD,7,4,Derby County,1–1,Cruyff 86
1998–1999,2,,Manchester United,10,6,3,1,23,9,14,21,2.1,W,WWWDW,8,4,Everton,4–1,"Yorke 14, Short 23 (o.g.), Cole 59, Blomqvist 64"
1998–1999,3,,Manchester United,11,6,4,1,23,9,14,22,2.0,D,WWDWD,8,5,Newcastle United,0–0,
1998–1999,2,,Manchester United,12,7,4,1,26,11,15,25,2.08,W,WDWDW,9,5,Blackburn Rovers,3–2,"Scholes(2)  31, 59, Yorke 43"
1998–1999,2,,Manchester United,13,7,4,2,27,14,13,25,1.92,L,DWDWL,10,5,Sheffield Wednesday,1–3,Cole 29
1998–1999,2,,Manchester United,14,8,4,2,30,16,14,28,2.0,W,WDWLW,11,5,Leeds United,3–2,"Solskjær 45, Keane 46, Butt 78"
1998–1999,2,,Manchester United,15,8,5,2,31,17,14,29,1.93,D,DWLWD,12,5,Aston Villa,1–1,Scholes 47
1998–1999,1,,Manchester United,16,8,6,2,33,19,14,30,1.88,D,WLWDD,13,5,Tottenham Hotspur,2–2,"Solskjær(2)  11, 18"
1998–1999,2,,Manchester United,17,8,7,2,34,20,14,31,1.82,D,LWDDD,14,5,Chelsea,1–1,Cole 45
1998–1999,3,,Manchester United,18,8,7,3,36,23,13,31,1.72,L,WDDDL,15,5,Middlesbrough,2–3,"Butt 62, Scholes 70"
1998–1999,4,,Manchester United,19,9,7,3,39,23,16,34,1.79,W,DDDLW,16,6,Nottingham Forest,3–0,"Johnsen(2)  28, 60, Giggs 62"
1998–1999,4,,Manchester United,20,9,8,3,39,23,16,35,1.75,D,DDLWD,16,7,Chelsea,0–0,
1998–1999,3,,Manchester United,21,10,8,3,43,24,19,38,1.81,W,DLWDW,17,7,West Ham United,4–1,"Yorke 10, Cole(2)  40, 68, Solskjær 81"
1998–1999,3,,Manchester United,22,11,8,3,49,26,23,41,1.86,W,LWDWW,18,7,Leicester City,6–2,"Yorke(3)  10, 64, 86, Cole(2)  50, 62, Stam 90"
1998–1999,1,,Manchester United,23,12,8,3,50,26,24,44,1.91,W,WDWWW,19,8,Charlton Athletic,1–0,Yorke 89
1998–1999,1,,Manchester United,24,13,8,3,51,26,25,47,1.96,W,DWWWW,20,9,Derby County,1–0,Yorke 65
1998–1999,1,,Manchester United,25,14,8,3,59,27,32,50,2.0,W,WWWWW,21,9,Nottingham Forest,8–1,"Yorke(2)  2, 67, Cole(2)  7, 50, Solskjær(4)  80, 88, 90, 90+1"
1998–1999,1,,Manchester United,26,14,9,3,60,28,32,51,1.96,D,WWWWD,22,9,Arsenal,1–1,Cole 61
1998–1999,1,,Manchester United,27,15,9,3,61,28,33,54,2.0,W,WWWDW,23,10,Coventry City,1–0,Giggs 79
1998–1999,1,,Manchester United,28,16,9,3,63,29,34,57,2.04,W,WWDWW,24,10,Southampton,2–1,"Keane 80, Yorke 84"
1998–1999,1,,Manchester United,29,17,9,3,65,30,35,60,2.07,W,WDWWW,25,10,Newcastle United,2–1,"Cole 25, 51"
1998–1999,1,,Manchester United,30,18,9,3,68,31,37,63,2.1,W,DWWWW,26,10,Everton,3–1,"Solskjær 55, G. Neville 64, Beckham 67"
1998–1999,1,,Manchester United,31,18,10,3,69,32,37,64,2.06,D,WWWWD,27,10,Wimbledon,1–1,Beckham 44
1998–1999,1,,Manchester United,32,19,10,3,72,32,40,67,2.09,W,WWWDW,28,11,Sheffield Wednesday,3–0,"Solskjær 34, Sheringham 45, Scholes 62"
1998–1999,2,,Manchester United,33,19,11,3,73,33,40,68,2.06,D,WWDWD,29,11,Leeds United,1–1,Cole 55
1998–1999,2,,Manchester United,34,20,11,3,75,34,41,71,2.09,W,WDWDW,30,11,Aston Villa,2–1,"Watson 20 (o.g.), Beckham 47"
1998–1999,2,,Manchester United,35,20,12,3,77,36,41,72,2.06,D,DWDWD,31,11,Liverpool,2–2,"Yorke 22, Irwin 57 (pen.)"
1998–1999,1,,Manchester United,36,21,12,3,78,36,42,75,2.08,W,WDWDW,32,12,Middlesbrough,1–0,Yorke 45
1998–1999,1,,Manchester United,37,21,13,3,78,36,42,76,2.05,D,DWDWD,32,13,Blackburn Rovers,0–0,
1998–1999,1,,Manchester United,38,22,13,3,80,37,43,79,2.08,W,WDWDW,33,13,Tottenham Hotspur,2–1,"Beckham 43, Cole 48"
1999–2000,9,,Manchester United,1,0,1,0,1,1,0,1,1.0,D,D,1,0,Everton,1–1,Yorke 7
1999–2000,3,,Manchester United,2,1,1,0,5,1,4,4,2.0,W,DW,2,1,Sheffield Wednesday,4–0,"Scholes 9, Yorke 35, Cole 54, Solskjær 84"
1999–2000,1,,Manchester United,3,2,1,0,7,1,6,7,2.33,W,DWW,3,2,Leeds United,2–0,"Yorke(2)  77, 80"
1999–2000,1,,Manchester United,4,3,1,0,9,2,7,10,2.5,W,DWWW,4,2,Arsenal,2–1,"Keane(2)  59, 88"
1999–2000,1,,Manchester United,5,4,1,0,11,3,8,13,2.6,W,DWWWW,5,2,Coventry City,2–1,"Scholes 63, Yorke 75"
1999–2000,1,,Manchester United,6,5,1,0,16,4,12,16,2.67,W,WWWWW,6,2,Newcastle United,5–1,"Cole(4)  14, 46, 65, 71, Giggs 81"
1999–2000,1,,Manchester United,7,6,1,0,19,6,13,19,2.71,W,WWWWW,7,2,Liverpool,3–2,"Carragher(2)  4 (o.g.), 45 (o.g.), Cole 18"
1999–2000,1,,Manchester United,8,6,2,0,20,7,13,20,2.5,D,WWWWD,8,2,Wimbledon,1–1,Cruyff 74
1999–2000,1,,Manchester United,9,6,3,0,23,10,13,21,2.33,D,WWWDD,9,2,Southampton,3–3,"Sheringham 34, Yorke(2)  38, 64"
1999–2000,2,,Manchester United,10,6,3,1,23,15,8,21,2.1,L,WWDDL,9,2,Chelsea,0–5,
1999–2000,2,,Manchester United,11,7,3,1,27,16,11,24,2.18,W,WDDLW,10,2,Watford,4–1,"Yorke 40, Cole(2)  42, 50, Irwin 45 (pen.)"
1999–2000,3,,Manchester United,12,7,3,2,28,19,9,24,2.0,L,DDLWL,11,2,Tottenham Hotspur,1–3,Giggs 24
1999–2000,2,,Manchester United,13,8,3,2,31,19,12,27,2.08,W,DLWLW,12,3,Aston Villa,3–0,"Scholes 30, Cole 45, Keane 65"
1999–2000,1,,Manchester United,14,9,3,2,33,19,14,30,2.14,W,LWLWW,13,4,Leicester City,2–0,"Cole(2)  30, 83"
1999–2000,1,,Manchester United,15,10,3,2,35,20,15,33,2.2,W,WLWWW,14,4,Derby County,2–1,"Butt 53, Cole 84"
1999–2000,1,,Manchester United,16,11,3,2,40,21,19,36,2.25,W,LWWWW,15,4,Everton,5–1,"Irwin 27 (pen.), Solskjær(4)  29, 43, 52, 58"
1999–2000,1,,Manchester United,17,12,3,2,44,23,21,39,2.29,W,WWWWW,16,4,West Ham United,4–2,"Yorke(2)  9, 63, Giggs(2)  13, 20"
1999–2000,2,,Manchester United,18,13,3,2,48,23,25,42,2.33,W,WWWWW,17,5,Bradford City,4–0,"Fortune 75, Yorke 79, Cole 88, Keane 89"
1999–2000,2,,Manchester United,19,13,4,2,50,25,25,43,2.26,D,WWWWD,18,5,Sunderland,2–2,"Keane 27, Butt 87"
1999–2000,2,,Manchester United,20,13,5,2,51,26,25,44,2.2,D,WWWDD,19,5,Arsenal,1–1,Sheringham 74
1999–2000,1,,Manchester United,21,14,5,2,52,26,26,47,2.24,W,WWDDW,20,6,Middlesbrough,1–0,Beckham 87
1999–2000,1,,Manchester United,22,15,5,2,53,26,27,50,2.27,W,WDDWW,21,7,Sheffield Wednesday,1–0,Sheringham 74
1999–2000,1,,Manchester United,23,16,5,2,56,28,28,53,2.3,W,DDWWW,22,7,Coventry City,3–2,"Cole(2)  40, 55, Scholes 77"
1999–2000,1,,Manchester United,24,16,5,3,56,31,25,53,2.21,L,DWWWL,22,7,Newcastle United,0–3,
1999–2000,1,,Manchester United,25,17,5,3,57,31,26,56,2.24,W,WWWLW,23,8,Leeds United,1–0,Cole 52
1999–2000,1,,Manchester United,26,17,6,3,59,33,26,57,2.19,D,WWLWD,24,8,Wimbledon,2–2,"Cruyff 30, Cole 80"
1999–2000,1,,Manchester United,27,17,7,3,60,34,26,58,2.15,D,WLWDD,25,8,Liverpool,1–1,Solskjær 45
1999–2000,1,,Manchester United,28,18,7,3,63,35,28,61,2.18,W,LWDDW,26,8,Derby County,3–1,"Yorke(3)  13, 70, 72"
1999–2000,1,,Manchester United,29,19,7,3,65,35,30,64,2.21,W,WDDWW,27,9,Leicester City,2–0,"Beckham 33, Yorke 84"
1999–2000,1,,Manchester United,30,20,7,3,69,35,34,67,2.23,W,DDWWW,28,10,Bradford City,4–0,"Yorke(2)  38, 40, Scholes 71, Beckham 79"
1999–2000,1,,Manchester United,31,21,7,3,76,36,40,70,2.26,W,DWWWW,29,10,West Ham United,7–1,"Scholes(3)  24, 51, 63 (pen.), Irwin 27, Cole 45, Beckham 66, Solskjær 73"
1999–2000,1,,Manchester United,32,22,7,3,80,39,41,73,2.28,W,WWWWW,30,10,Middlesbrough,4–3,"Giggs 46, Cole 60, Scholes 74, Fortune 88"
1999–2000,1,,Manchester United,33,23,7,3,84,39,45,76,2.3,W,WWWWW,31,11,Sunderland,4–0,"Solskjær(2)  3, 51, Butt 65, Berg 70"
1999–2000,1,,Manchester United,34,24,7,3,87,40,47,79,2.32,W,WWWWW,32,11,Southampton,3–1,"Beckham 8, Benali 15 (o.g.), Solskjær 30"
1999–2000,1,,Manchester United,35,25,7,3,90,42,48,82,2.34,W,WWWWW,33,11,Chelsea,3–2,"Yorke(2)  11, 69, Solskjær 40"
1999–2000,1,,Manchester United,36,26,7,3,93,44,49,85,2.36,W,WWWWW,34,11,Watford,3–2,"Yorke 69, Giggs 71, Cruyff 87"
1999–2000,1,,Manchester United,37,27,7,3,96,45,51,88,2.38,W,WWWWW,35,11,Tottenham Hotspur,3–1,"Solskjær 5, Beckham 34, Sheringham 36"
1999–2000,1,,Manchester United,38,28,7,3,97,45,52,91,2.39,W,WWWWW,36,12,Aston Villa,1–0,Sheringham 65
2000–2001,5,,Manchester United,1,1,0,0,2,0,2,3,3.0,W,W,1,1,Newcastle United,2–0,"Johnsen 20, Cole 69"
2000–2001,3,,Manchester United,2,1,1,0,3,1,2,4,2.0,D,WD,2,1,Ipswich Town,1–1,Beckham 39
2000–2001,5,,Manchester United,3,1,2,0,5,3,2,5,1.67,D,WDD,3,1,West Ham United,2–2,"Beckham 6, Cole 49"
2000–2001,1,,Manchester United,4,2,2,0,11,3,8,8,2.0,W,WDDW,4,2,Bradford City,6–0,"Cole 11, Fortune(2)  23, 60, Sheringham(2)  71, 81, Beckham 85"
2000–2001,1,,Manchester United,5,3,2,0,14,3,11,11,2.2,W,WDDWW,5,3,Sunderland,3–0,"Scholes(2)  14, 82, Sheringham 76"
2000–2001,1,,Manchester United,6,4,2,0,17,4,13,14,2.33,W,DDWWW,6,3,Everton,3–1,"Butt 26, Giggs 29, Solskjær 38"
2000–2001,1,,Manchester United,7,4,3,0,20,7,13,15,2.14,D,DWWWD,7,3,Chelsea,3–3,"Scholes 14, Sheringham 37, Beckham 39"
2000–2001,2,,Manchester United,8,4,3,1,20,8,12,15,1.88,L,WWWDL,7,3,Arsenal,0–1,
2000–2001,1,,Manchester United,9,5,3,1,23,8,15,18,2.0,W,WWDLW,8,4,Leicester City,3–0,"Sheringham(2)  37, 54, Solskjær 90"
2000–2001,1,,Manchester United,10,6,3,1,26,8,18,21,2.1,W,WDLWW,9,5,Leeds United,3–0,"Yorke 40, Beckham 50, Jones 82 (o.g.)"
2000–2001,1,,Manchester United,11,7,3,1,31,8,23,24,2.18,W,DLWWW,10,6,Southampton,5–0,"Cole(2)  9, 73, Sheringham(3)  45, 51, 55"
2000–2001,1,,Manchester United,12,8,3,1,33,9,24,27,2.25,W,LWWWW,11,6,Coventry City,2–1,"Cole 27, Beckham 37"
2000–2001,1,,Manchester United,13,9,3,1,35,10,25,30,2.31,W,WWWWW,12,6,Middlesbrough,2–1,"Butt 62, Sheringham 65"
2000–2001,1,,Manchester United,14,10,3,1,36,10,26,33,2.36,W,WWWWW,13,7,Manchester City,1–0,Beckham 2
2000–2001,1,,Manchester United,15,11,3,1,39,10,29,36,2.4,W,WWWWW,14,8,Derby County,3–0,"Sheringham 61, Butt 69, Yorke 76"
2000–2001,1,,Manchester United,16,12,3,1,41,10,31,39,2.44,W,WWWWW,15,9,Tottenham Hotspur,2–0,"Scholes 40, Solskjær 84"
2000–2001,1,,Manchester United,17,12,4,1,44,13,31,40,2.35,D,WWWWD,16,9,Charlton Athletic,3–3,"Giggs 42, Solskjær 43, Keane 66"
2000–2001,1,,Manchester United,18,12,4,2,44,14,30,40,2.22,L,WWWDL,16,9,Liverpool,0–1,
2000–2001,1,,Manchester United,19,13,4,2,46,14,32,43,2.26,W,WWDLW,17,10,Ipswich Town,2–0,"Solskjær(2)  20, 32"
2000–2001,1,,Manchester United,20,14,4,2,47,14,33,46,2.3,W,WDLWW,18,11,Aston Villa,1–0,Solskjær 85
2000–2001,1,,Manchester United,21,14,5,2,48,15,33,47,2.24,D,DLWWD,19,11,Newcastle United,1–1,Beckham 25 (pen.)
2000–2001,1,,Manchester United,22,15,5,2,51,16,35,50,2.27,W,LWWDW,20,11,West Ham United,3–1,"Solskjær 3, Pearce 33 (o.g.), Yorke 57"
2000–2001,1,,Manchester United,23,16,5,2,54,16,38,53,2.3,W,WWDWW,21,12,Bradford City,3–0,"Sheringham 72, Giggs 75, Chadwick 87"
2000–2001,1,,Manchester United,24,17,5,2,56,16,40,56,2.33,W,WDWWW,22,13,Aston Villa,2–0,"G. Neville 57, Sheringham 87"
2000–2001,1,,Manchester United,25,18,5,2,57,16,41,59,2.36,W,DWWWW,23,14,Sunderland,1–0,Cole 46
2000–2001,1,,Manchester United,26,19,5,2,58,16,42,62,2.38,W,WWWWW,24,15,Everton,1–0,Watson 52 (o.g.)
2000–2001,1,,Manchester United,27,19,6,2,59,17,42,63,2.33,D,WWWWD,25,15,Chelsea,1–1,Cole 69
2000–2001,1,,Manchester United,28,20,6,2,65,18,47,66,2.36,W,WWWDW,26,15,Arsenal,6–1,"Yorke(3)  3, 18, 22, Keane 26, Solskjær 38, Sheringham 90"
2000–2001,1,,Manchester United,29,20,7,2,66,19,47,67,2.31,D,WWDWD,27,15,Leeds United,1–1,Chadwick 64
2000–2001,1,,Manchester United,30,21,7,2,68,19,49,70,2.33,W,WDWDW,28,16,Leicester City,2–0,"Yorke 88, Silvestre 90"
2000–2001,1,,Manchester United,31,21,7,3,68,21,47,70,2.26,L,DWDWL,28,16,Liverpool,0–2,
2000–2001,1,,Manchester United,32,22,7,3,70,22,48,73,2.28,W,WDWLW,29,16,Charlton Athletic,2–1,"Cole 45, Solskjær 82"
2000–2001,1,,Manchester United,33,23,7,3,74,24,50,76,2.3,W,DWLWW,30,16,Coventry City,4–2,"Yorke(2)  13, 28, Giggs 81, Scholes 87"
2000–2001,1,,Manchester United,34,23,8,3,75,25,50,77,2.26,D,WLWWD,31,16,Manchester City,1–1,Sheringham 71 (pen.)
2000–2001,1,,Manchester United,35,24,8,3,77,25,52,80,2.29,W,LWWDW,32,17,Middlesbrough,2–0,"P. Neville 4, Beckham 84"
2000–2001,1,,Manchester United,36,24,8,4,77,26,51,80,2.22,L,WWDWL,32,17,Derby County,0–1,
2000–2001,1,,Manchester United,37,24,8,5,78,28,50,80,2.16,L,WDWLL,33,17,Southampton,1–2,Giggs 71
2000–2001,1,,Manchester United,38,24,8,6,79,31,48,80,2.11,L,DWLLL,34,17,Tottenham Hotspur,1–3,Scholes 22
2001–2002,4,,Manchester United,1,1,0,0,3,2,1,3,3.0,W,W,1,0,Fulham,3–2,"Beckham 36, Van Nistelrooy(2)  51, 53"
2001–2002,3,,Manchester United,2,1,1,0,5,4,1,4,2.0,D,WD,2,0,Blackburn Rovers,2–2,"Giggs 20, Beckham 78"
2001–2002,5,,Manchester United,3,1,2,0,6,5,1,5,1.67,D,WDD,3,0,Aston Villa,1–1,Alpay 90 (o.g.)
2001–2002,2,,Manchester United,4,2,2,0,10,6,4,8,2.0,W,WDDW,4,0,Everton,4–1,"Verón 4, Cole 40, Fortune 46, Beckham 90"
2001–2002,4,,Manchester United,5,2,2,1,13,10,3,8,1.6,L,WDDWL,5,0,Newcastle United,3–4,"Van Nistelrooy 29, Giggs 62, Verón 64"
2001–2002,3,,Manchester United,6,3,2,1,17,10,7,11,1.83,W,DDWLW,6,1,Ipswich Town,4–0,"Johnsen 13, Solskjær(2)  20, 90, Cole 89"
2001–2002,2,,Manchester United,7,4,2,1,22,13,9,14,2.0,W,DWLWW,7,1,Tottenham Hotspur,5–3,"Cole 46, Blanc 58, Van Nistelrooy 72, Verón 76, Beckham 87"
2001–2002,3,,Manchester United,8,5,2,1,25,14,11,17,2.12,W,WLWWW,8,1,Sunderland,3–1,"Varga 35 (o.g.), Giggs 59, Cole 66"
2001–2002,3,,Manchester United,9,5,2,2,26,16,10,17,1.89,L,LWWWL,9,1,Bolton Wanderers,1–2,Verón 25
2001–2002,5,,Manchester United,10,5,3,2,27,17,10,18,1.8,D,WWWLD,10,1,Leeds United,1–1,Solskjær 89
2001–2002,6,,Manchester United,11,5,3,3,28,20,8,18,1.64,L,WWLDL,11,1,Liverpool,1–3,Beckham 50
2001–2002,4,,Manchester United,12,6,3,3,30,20,10,21,1.75,W,WLDLW,12,2,Leicester City,2–0,"Van Nistelrooy 21, Yorke 50"
2001–2002,6,,Manchester United,13,6,3,4,31,23,8,21,1.62,L,LDLWL,13,2,Arsenal,1–3,Scholes 14
2001–2002,7,,Manchester United,14,6,3,5,31,26,5,21,1.5,L,DLWLL,13,2,Chelsea,0–3,
2001–2002,9,,Manchester United,15,6,3,6,31,27,4,21,1.4,L,LWLLL,13,2,West Ham United,0–1,
2001–2002,5,,Manchester United,16,7,3,6,36,27,9,24,1.5,W,WLLLW,14,3,Derby County,5–0,"Solskjær(2)  6, 58, Keane 10, Van Nistelrooy 63, Scholes 89"
2001–2002,5,,Manchester United,17,8,3,6,37,27,10,27,1.59,W,LLLWW,15,4,Middlesbrough,1–0,Van Nistelrooy 76
2001–2002,4,,Manchester United,18,9,3,6,43,28,15,30,1.67,W,LLWWW,16,4,Southampton,6–1,"Van Nistelrooy(3)  1, 34, 54, Solskjær 41, Keane 72, P. Neville 78"
2001–2002,5,,Manchester United,19,10,3,6,45,28,17,33,1.74,W,LWWWW,17,5,Everton,2–0,"Giggs 78, Van Nistelrooy 85"
2001–2002,5,,Manchester United,20,11,3,6,48,30,18,36,1.8,W,WWWWW,18,5,Fulham,3–2,"Giggs(2)  5, 47, Van Nistelrooy 45"
2001–2002,2,,Manchester United,21,12,3,6,51,31,20,39,1.86,W,WWWWW,19,5,Newcastle United,3–1,"Van Nistelrooy 24, Scholes(2)  50, 62"
2001–2002,1,,Manchester United,22,13,3,6,54,32,22,42,1.91,W,WWWWW,20,5,Southampton,3–1,"Van Nistelrooy 9, Beckham 45, Solskjær 63"
2001–2002,1,,Manchester United,23,14,3,6,56,33,23,45,1.96,W,WWWWW,21,5,Blackburn Rovers,2–1,"Van Nistelrooy 45 (pen.), Keane 81"
2001–2002,1,,Manchester United,24,14,3,7,56,34,22,45,1.88,L,WWWWL,21,5,Liverpool,0–1,
2001–2002,1,,Manchester United,25,15,3,7,60,34,26,48,1.92,W,WWWLW,22,6,Bolton Wanderers,4–0,"Solskjær(3)  15, 39, 64, Van Nistelrooy 83"
2001–2002,1,,Manchester United,26,16,3,7,64,35,29,51,1.96,W,WWLWW,23,6,Sunderland,4–1,"P. Neville 6, Beckham 25, Van Nistelrooy(2)  28, 44 (pen.)"
2001–2002,1,,Manchester United,27,17,3,7,66,35,31,54,2.0,W,WLWWW,24,7,Charlton Athletic,2–0,"Solskjær(2)  33, 74"
2001–2002,1,,Manchester United,28,18,3,7,67,35,32,57,2.04,W,LWWWW,25,8,Aston Villa,1–0,Van Nistelrooy 50
2001–2002,1,,Manchester United,29,18,4,7,69,37,32,58,2.0,D,WWWWD,26,8,Derby County,2–2,"Scholes 41, Verón 60"
2001–2002,1,,Manchester United,30,19,4,7,73,37,36,61,2.03,W,WWWDW,27,9,Tottenham Hotspur,4–0,"Beckham(2)  15, 64, Van Nistelrooy(2)  43 (pen.), 76"
2001–2002,1,,Manchester United,31,20,4,7,78,40,38,64,2.06,W,WWDWW,28,9,West Ham United,5–3,"Beckham(2)  17, 89 (pen.), Butt 22, Scholes 55, Solskjær 64"
2001–2002,1,,Manchester United,32,20,4,8,78,41,37,64,2.0,L,WDWWL,28,9,Middlesbrough,0–1,
2001–2002,2,,Manchester United,33,21,4,8,82,44,38,67,2.03,W,DWWLW,29,9,Leeds United,4–3,"Scholes 9, Solskjær(2)  37, 39, Giggs 54"
2001–2002,2,,Manchester United,34,22,4,8,83,44,39,70,2.06,W,WWLWW,30,10,Leicester City,1–0,Solskjær 61
2001–2002,2,,Manchester United,35,23,4,8,86,44,42,73,2.09,W,WLWWW,31,11,Chelsea,3–0,"Scholes 15, Van Nistelrooy 41, Solskjær 86"
2001–2002,2,,Manchester United,36,24,4,8,87,44,43,76,2.11,W,LWWWW,32,12,Ipswich Town,1–0,Van Nistelrooy 45 (pen.)
2001–2002,3,,Manchester United,37,24,4,9,87,45,42,76,2.05,L,WWWWL,32,12,Arsenal,0–1,
2001–2002,3,,Manchester United,38,24,5,9,87,45,42,77,2.03,D,WWWLD,32,13,Charlton Athletic,0–0,
2002–2003,7,,Manchester United,1,1,0,0,1,0,1,3,3.0,W,W,1,1,West Bromwich Albion,1–0,Solskjær 78
2002–2003,7,,Manchester United,2,1,1,0,3,2,1,4,2.0,D,WD,2,1,Chelsea,2–2,"Beckham 26, Giggs 66"
2002–2003,8,,Manchester United,3,1,2,0,4,3,1,5,1.67,D,WDD,3,1,Sunderland,1–1,Giggs 7
2002–2003,4,,Manchester United,4,2,2,0,5,3,2,8,2.0,W,WDDW,4,2,Middlesbrough,1–0,Van Nistelrooy 28 (pen.)
2002–2003,7,,Manchester United,5,2,2,1,5,4,1,8,1.6,L,WDDWL,4,2,Bolton Wanderers,0–1,
2002–2003,10,,Manchester United,6,2,2,2,5,5,0,8,1.33,L,DDWLL,4,2,Leeds United,0–1,
2002–2003,8,,Manchester United,7,3,2,2,6,5,1,11,1.57,W,DWLLW,5,3,Tottenham Hotspur,1–0,Van Nistelrooy 62 (pen.)
2002–2003,4,,Manchester United,8,4,2,2,9,6,3,14,1.75,W,WLLWW,6,3,Charlton Athletic,3–1,"Scholes 54, Giggs 82, Van Nistelrooy 90"
2002–2003,4,,Manchester United,9,5,2,2,12,6,6,17,1.89,W,LLWWW,7,4,Everton,3–0,"Scholes(2)  86, 90, Van Nistelrooy 90 (pen.)"
2002–2003,4,,Manchester United,10,5,3,2,13,7,6,18,1.8,D,LWWWD,8,4,Fulham,1–1,Solskjær 62
2002–2003,4,,Manchester United,11,5,4,2,14,8,6,19,1.73,D,WWWDD,9,4,Aston Villa,1–1,Forlán 77
2002–2003,3,,Manchester United,12,6,4,2,16,9,7,22,1.83,W,WWDDW,10,4,Southampton,2–1,"P. Neville 15, Forlán 85"
2002–2003,5,,Manchester United,13,6,4,3,17,12,5,22,1.69,L,WDDWL,11,4,Manchester City,1–3,Solskjær 7
2002–2003,5,,Manchester United,14,6,5,3,18,13,5,23,1.64,D,DDWLD,12,4,West Ham United,1–1,Van Nistelrooy 38
2002–2003,5,,Manchester United,15,7,5,3,23,16,7,26,1.73,W,DWLDW,13,4,Newcastle United,5–3,"Scholes 25, Van Nistelrooy(3)  38, 45, 53, Solskjær 55"
2002–2003,4,,Manchester United,16,8,5,3,25,17,8,29,1.81,W,WLDWW,14,4,Liverpool,2–1,"Forlán(2)  63, 66"
2002–2003,3,,Manchester United,17,9,5,3,27,17,10,32,1.88,W,LDWWW,15,5,Arsenal,2–0,"Verón 20, Scholes 72"
2002–2003,2,,Manchester United,18,10,5,3,30,17,13,35,1.94,W,DWWWW,16,6,West Ham United,3–0,"Solskjær 15, Verón 17, Schemmel 61 (o.g.)"
2002–2003,3,,Manchester United,19,10,5,4,30,18,12,35,1.84,L,WWWWL,16,6,Blackburn Rovers,0–1,
2002–2003,3,,Manchester United,20,10,5,5,31,21,10,35,1.75,L,WWWLL,17,6,Middlesbrough,1–3,Giggs 60
2002–2003,3,,Manchester United,21,11,5,5,33,21,12,38,1.81,W,WWLLW,18,7,Birmingham City,2–0,"Forlán 37, Beckham 73"
2002–2003,2,,Manchester United,22,12,5,5,35,22,13,41,1.86,W,WLLWW,19,7,Sunderland,2–1,"Beckham 81, Scholes 90"
2002–2003,2,,Manchester United,23,13,5,5,38,23,15,44,1.91,W,LLWWW,20,7,West Bromwich Albion,3–1,"Van Nistelrooy 8, Scholes 22, Solskjær 55"
2002–2003,2,,Manchester United,24,14,5,5,40,24,16,47,1.96,W,LWWWW,21,7,Chelsea,2–1,"Scholes 39, Forlán 90"
2002–2003,2,,Manchester United,25,15,5,5,42,24,18,50,2.0,W,WWWWW,22,8,Southampton,2–0,"Van Nistelrooy 15, Giggs 22"
2002–2003,2,,Manchester United,26,16,5,5,43,24,19,53,2.04,W,WWWWW,23,9,Birmingham City,1–0,Van Nistelrooy 56
2002–2003,2,,Manchester United,27,16,6,5,44,25,19,54,2.0,D,WWWWD,24,9,Manchester City,1–1,Van Nistelrooy 18
2002–2003,2,,Manchester United,28,16,7,5,45,26,19,55,1.96,D,WWWDD,25,9,Bolton Wanderers,1–1,Solskjær 90
2002–2003,2,,Manchester United,29,17,7,5,47,27,20,58,2.0,W,WWDDW,26,9,Leeds United,2–1,"Radebe 20 (o.g.), Silvestre 79"
2002–2003,2,,Manchester United,30,18,7,5,48,27,21,61,2.03,W,WDDWW,27,10,Aston Villa,1–0,Beckham 12
2002–2003,2,,Manchester United,31,19,7,5,51,27,24,64,2.06,W,DDWWW,28,11,Fulham,3–0,"Van Nistelrooy(3)  44, 68, 90"
2002–2003,2,,Manchester United,32,20,7,5,55,27,28,67,2.09,W,DWWWW,29,12,Liverpool,4–0,"Van Nistelrooy(2)  5 (pen.), 65 (pen.), Giggs 78, Solskjær 90"
2002–2003,1,,Manchester United,33,21,7,5,61,29,32,70,2.12,W,WWWWW,30,12,Newcastle United,6–2,"Solskjær 32, Scholes(3)  34, 38, 52, Giggs 44, Van Nistelrooy 58 (pen.)"
2002–2003,1,,Manchester United,34,21,8,5,63,31,32,71,2.09,D,WWWWD,31,12,Arsenal,2–2,"Van Nistelrooy 24, Giggs 63"
2002–2003,1,,Manchester United,35,22,8,5,66,32,34,74,2.11,W,WWWDW,32,12,Blackburn Rovers,3–1,"Van Nistelrooy 20, Scholes(2)  42, 61"
2002–2003,1,,Manchester United,36,23,8,5,68,32,36,77,2.14,W,WWDWW,33,13,Tottenham Hotspur,2–0,"Scholes 69, Van Nistelrooy 90"
2002–2003,1,,Manchester United,37,24,8,5,72,33,39,80,2.16,W,WDWWW,34,13,Charlton Athletic,4–1,"Beckham 11, Van Nistelrooy(3)  32, 37, 52"
2002–2003,1,,Manchester United,38,25,8,5,74,34,40,83,2.18,W,DWWWW,35,13,Everton,2–1,"Beckham 45, Van Nistelrooy 79 (pen.)"
2003–2004,2,,Manchester United,1,1,0,0,4,0,4,3,3.0,W,W,1,1,Bolton Wanderers,4–0,"Giggs(2)  35, 74, Scholes 77, Van Nistelrooy 87"
2003–2004,3,,Manchester United,2,2,0,0,6,1,5,6,3.0,W,WW,2,1,Newcastle United,2–1,"Van Nistelrooy 51, Scholes 59"
2003–2004,2,,Manchester United,3,3,0,0,7,1,6,9,3.0,W,WWW,3,2,Wolverhampton Wanderers,1–0,OShea 10
2003–2004,2,,Manchester United,4,3,0,1,7,2,5,9,2.25,L,WWWL,3,2,Southampton,0–1,
2003–2004,2,,Manchester United,5,4,0,1,9,2,7,12,2.4,W,WWWLW,4,3,Charlton Athletic,2–0,"Van Nistelrooy(2)  62, 82"
2003–2004,3,,Manchester United,6,4,1,1,9,2,7,13,2.17,D,WWLWD,4,4,Arsenal,0–0,
2003–2004,3,,Manchester United,7,5,1,1,13,3,10,16,2.29,W,WLWDW,5,4,Leicester City,4–1,"Keane 15, Van Nistelrooy(3)  16, 45, 52"
2003–2004,2,,Manchester United,8,6,1,1,16,3,13,19,2.38,W,LWDWW,6,5,Birmingham City,3–0,"Van Nistelrooy 36 (pen.), Scholes 57, Giggs 82"
2003–2004,2,,Manchester United,9,7,1,1,17,3,14,22,2.44,W,WDWWW,7,6,Leeds United,1–0,Keane 81
2003–2004,3,,Manchester United,10,7,1,2,18,6,12,22,2.2,L,DWWWL,8,6,Fulham,1–3,Forlán 45
2003–2004,3,,Manchester United,11,8,1,2,21,6,15,25,2.27,W,WWWLW,9,7,Portsmouth,3–0,"Forlán 37, Ronaldo 80, Keane 82"
2003–2004,3,,Manchester United,12,9,1,2,23,7,16,28,2.33,W,WWLWW,10,7,Liverpool,2–1,"Giggs(2)  58, 70"
2003–2004,3,,Manchester United,13,10,1,2,25,8,17,31,2.38,W,WLWWW,11,7,Blackburn Rovers,2–1,"Van Nistelrooy 24, Kléberson 38"
2003–2004,3,,Manchester United,14,10,1,3,25,9,16,31,2.21,L,LWWWL,11,7,Chelsea,0–1,
2003–2004,3,,Manchester United,15,11,1,3,29,9,20,34,2.27,W,WWWLW,12,8,Aston Villa,4–0,"Van Nistelrooy(2)  16, 45, Forlán(2)  90, 90"
2003–2004,2,,Manchester United,16,12,1,3,32,10,22,37,2.31,W,WWLWW,13,8,Manchester City,3–1,"Scholes(2)  7, 73, Van Nistelrooy 34"
2003–2004,1,,Manchester United,17,13,1,3,34,11,23,40,2.35,W,WLWWW,14,8,Tottenham Hotspur,2–1,"OShea 15, Van Nistelrooy 26"
2003–2004,1,,Manchester United,18,14,1,3,37,13,24,43,2.39,W,LWWWW,15,8,Everton,3–2,"Butt 9, Kléberson 44, Bellion 68"
2003–2004,1,,Manchester United,19,15,1,3,38,13,25,46,2.42,W,WWWWW,16,9,Middlesbrough,1–0,Fortune 14
2003–2004,1,,Manchester United,20,16,1,3,40,14,26,49,2.45,W,WWWWW,17,9,Bolton Wanderers,2–1,"Scholes 24, Van Nistelrooy 39"
2003–2004,1,,Manchester United,21,16,2,3,40,14,26,50,2.38,D,WWWWD,17,10,Newcastle United,0–0,
2003–2004,2,,Manchester United,22,16,2,4,40,15,25,50,2.27,L,WWWDL,17,10,Wolverhampton Wanderers,0–1,
2003–2004,2,,Manchester United,23,17,2,4,43,17,26,53,2.3,W,WWDLW,18,10,Southampton,3–2,"Saha 18, Scholes 37, Van Nistelrooy 61"
2003–2004,2,,Manchester United,24,18,2,4,47,20,27,56,2.33,W,WDLWW,19,10,Everton,4–3,"Saha(2)  9, 29, Van Nistelrooy(2)  24, 89"
2003–2004,2,,Manchester United,25,18,2,5,49,23,26,56,2.24,L,DLWWL,20,10,Middlesbrough,2–3,"Van Nistelrooy 45, Giggs 63"
2003–2004,2,,Manchester United,26,18,3,5,50,24,26,57,2.19,D,LWWLD,21,10,Leeds United,1–1,Scholes 64
2003–2004,3,,Manchester United,27,18,4,5,51,25,26,58,2.15,D,WWLDD,22,10,Fulham,1–1,Saha 14
2003–2004,3,,Manchester United,28,18,4,6,52,29,23,58,2.07,L,WLDDL,23,10,Manchester City,1–4,Scholes 35
2003–2004,3,,Manchester United,29,19,4,6,55,29,26,61,2.1,W,LDDLW,24,11,Tottenham Hotspur,3–0,"Giggs 30, Ronaldo 89, Bellion 90"
2003–2004,3,,Manchester United,30,19,5,6,56,30,26,62,2.07,D,DDLWD,25,11,Arsenal,1–1,Saha 86
2003–2004,3,,Manchester United,31,20,5,6,58,31,27,65,2.1,W,DLWDW,26,11,Birmingham City,2–1,"Ronaldo 60, Saha 78"
2003–2004,3,,Manchester United,32,21,5,6,59,31,28,68,2.12,W,LWDWW,27,12,Leicester City,1–0,G. Neville 56
2003–2004,3,,Manchester United,33,21,5,7,59,32,27,68,2.06,L,WDWWL,27,12,Portsmouth,0–1,
2003–2004,3,,Manchester United,34,22,5,7,61,32,29,71,2.09,W,DWWLW,28,13,Charlton Athletic,2–0,"Saha 28, G. Neville 65"
2003–2004,3,,Manchester United,35,22,5,8,61,33,28,71,2.03,L,WWLWL,28,13,Liverpool,0–1,
2003–2004,3,,Manchester United,36,22,5,9,61,34,27,71,1.97,L,WLWLL,28,13,Blackburn Rovers,0–1,
2003–2004,3,,Manchester United,37,22,6,9,62,35,27,72,1.95,D,LWLLD,29,13,Chelsea,1–1,Van Nistelrooy 76
2003–2004,3,,Manchester United,38,23,6,9,64,35,29,75,1.97,W,WLLDW,30,14,Aston Villa,2–0,"Ronaldo 4, Van Nistelrooy 10"
2004–2005,17,,Manchester United,1,0,0,1,0,1,-1,0,0.0,L,L,0,0,Chelsea,0–1,
2004–2005,8,,Manchester United,2,1,0,1,2,2,0,3,1.5,W,LW,1,0,Norwich City,2–1,"Bellion 32, Smith 50"
2004–2005,11,,Manchester United,3,1,1,1,3,3,0,4,1.33,D,LWD,2,0,Blackburn Rovers,1–1,Smith 90
2004–2005,9,,Manchester United,4,1,2,1,3,3,0,5,1.25,D,LWDD,2,1,Everton,0–0,
2004–2005,11,,Manchester United,5,1,3,1,5,5,0,6,1.2,D,LWDDD,3,1,Bolton Wanderers,2–2,"Heinze 44, Bellion 90"
2004–2005,8,,Manchester United,6,2,3,1,7,6,1,9,1.5,W,WDDDW,4,1,Liverpool,2–1,"Silvestre(2)  20, 66"
2004–2005,5,,Manchester United,7,3,3,1,8,6,2,12,1.71,W,DDDWW,5,2,Tottenham Hotspur,1–0,Van Nistelrooy 42 (pen.)
2004–2005,4,,Manchester United,8,3,4,1,9,7,2,13,1.62,D,DDWWD,6,2,Middlesbrough,1–1,Smith 81
2004–2005,6,,Manchester United,9,3,5,1,9,7,2,14,1.56,D,DWWDD,6,3,Birmingham City,0–0,
2004–2005,5,,Manchester United,10,4,5,1,11,7,4,17,1.7,W,WWDDW,7,4,Arsenal,2–0,"Van Nistelrooy 73 (pen.), Rooney 90"
2004–2005,7,,Manchester United,11,4,5,2,11,9,2,17,1.55,L,WDDWL,7,4,Portsmouth,0–2,
2004–2005,7,,Manchester United,12,4,6,2,11,9,2,18,1.5,D,DDWLD,7,5,Manchester City,0–0,
2004–2005,7,,Manchester United,13,5,6,2,14,10,4,21,1.62,W,DWLDW,8,5,Newcastle United,3–1,"Rooney(2)  7, 90, Van Nistelrooy 74 (pen.)"
2004–2005,6,,Manchester United,14,6,6,2,16,10,6,24,1.71,W,WLDWW,9,6,Charlton Athletic,2–0,"Giggs 41, Scholes 50"
2004–2005,4,,Manchester United,15,7,6,2,19,10,9,27,1.8,W,LDWWW,10,7,West Bromwich Albion,3–0,"Scholes(2)  53, 82, Van Nistelrooy 72"
2004–2005,4,,Manchester United,16,8,6,2,22,10,12,30,1.88,W,DWWWW,11,8,Southampton,3–0,"Scholes 53, Rooney 58, Ronaldo 87"
2004–2005,4,,Manchester United,17,8,7,2,23,11,12,31,1.82,D,WWWWD,12,8,Fulham,1–1,Smith 33
2004–2005,4,,Manchester United,18,9,7,2,28,13,15,34,1.89,W,WWWDW,13,8,Crystal Palace,5–2,"Scholes(2)  22, 49, Smith 35, Boyce 48 (o.g.), OShea 90"
2004–2005,4,,Manchester United,19,10,7,2,30,13,17,37,1.95,W,WWDWW,14,9,Bolton Wanderers,2–0,"Giggs 10, Scholes 89"
2004–2005,3,,Manchester United,20,11,7,2,31,13,18,40,2.0,W,WDWWW,15,10,Aston Villa,1–0,Giggs 41
2004–2005,3,,Manchester United,21,12,7,2,33,13,20,43,2.05,W,DWWWW,16,11,Middlesbrough,2–0,"Fletcher 9, Giggs 79"
2004–2005,3,,Manchester United,22,12,8,2,33,13,20,44,2.0,D,WWWWD,16,12,Tottenham Hotspur,0–0,
2004–2005,3,,Manchester United,23,13,8,2,34,13,21,47,2.04,W,WWWDW,17,13,Liverpool,1–0,Rooney 21
2004–2005,3,,Manchester United,24,14,8,2,37,14,23,50,2.08,W,WWDWW,18,13,Aston Villa,3–1,"Ronaldo 8, Saha 69, Scholes 70"
2004–2005,2,,Manchester United,25,15,8,2,41,16,25,53,2.12,W,WDWWW,19,13,Arsenal,4–2,"Giggs 18, Ronaldo(2)  54, 58, OShea 89"
2004–2005,2,,Manchester United,26,16,8,2,43,16,27,56,2.15,W,DWWWW,20,14,Birmingham City,2–0,"Keane 55, Rooney 78"
2004–2005,2,,Manchester United,27,17,8,2,45,16,29,59,2.19,W,WWWWW,21,15,Manchester City,2–0,"Rooney 68, Dunne 75 (o.g.)"
2004–2005,2,,Manchester United,28,18,8,2,47,17,30,62,2.21,W,WWWWW,22,15,Portsmouth,2–1,"Rooney(2)  8, 81"
2004–2005,2,,Manchester United,29,18,9,2,47,17,30,63,2.17,D,WWWWD,22,16,Crystal Palace,0–0,
2004–2005,2,,Manchester United,30,19,9,2,48,17,31,66,2.2,W,WWWDW,23,17,Fulham,1–0,Ronaldo 21
2004–2005,3,,Manchester United,31,19,10,2,48,17,31,67,2.16,D,WWDWD,23,18,Blackburn Rovers,0–0,
2004–2005,3,,Manchester United,32,19,10,3,48,19,29,67,2.09,L,WDWDL,23,18,Norwich City,0–2,
2004–2005,3,,Manchester United,33,19,10,4,48,20,28,67,2.03,L,DWDLL,23,18,Everton,0–1,
2004–2005,3,,Manchester United,34,20,10,4,50,21,29,70,2.06,W,WDLLW,24,18,Newcastle United,2–1,"Rooney 57, Brown 75"
2004–2005,3,,Manchester United,35,21,10,4,54,21,33,73,2.09,W,DLLWW,25,19,Charlton Athletic,4–0,"Scholes 34, Fletcher 44, Smith 62, Rooney 67"
2004–2005,3,,Manchester United,36,21,11,4,55,22,33,74,2.06,D,LLWWD,26,19,West Bromwich Albion,1–1,Giggs 21
2004–2005,3,,Manchester United,37,21,11,5,56,25,31,74,2.0,L,LWWDL,27,19,Chelsea,1–3,Van Nistelrooy 7
2004–2005,3,,Manchester United,38,22,11,5,58,26,32,77,2.03,W,WWDLW,28,19,Southampton,2–1,"Fletcher 19, Van Nistelrooy 63"
2005–2006,4,,Manchester United,1,1,0,0,2,0,2,3,3.0,W,W,1,1,Everton,2–0,"Van Nistelrooy 43, Rooney 46"
2005–2006,4,,Manchester United,2,2,0,0,3,0,3,6,3.0,W,WW,2,2,Aston Villa,1–0,Van Nistelrooy 66
2005–2006,4,,Manchester United,3,3,0,0,5,0,5,9,3.0,W,WWW,3,3,Newcastle United,2–0,"Rooney 66, Van Nistelrooy 90"
2005–2006,4,,Manchester United,4,3,1,0,6,1,5,10,2.5,D,WWWD,4,3,Manchester City,1–1,Van Nistelrooy 45
2005–2006,3,,Manchester United,5,3,2,0,6,1,5,11,2.2,D,WWWDD,4,4,Liverpool,0–0,
2005–2006,6,,Manchester United,6,3,2,1,7,3,4,11,1.83,L,WWDDL,5,4,Blackburn Rovers,1–2,Van Nistelrooy 67
2005–2006,4,,Manchester United,7,4,2,1,10,5,5,14,2.0,W,WDDLW,6,4,Fulham,3–2,"Van Nistelrooy(2)  16 (pen.), 44, Rooney 17"
2005–2006,3,,Manchester United,8,5,2,1,13,6,7,17,2.12,W,DDLWW,7,4,Sunderland,3–1,"Rooney 40, Van Nistelrooy 76, Rossi 87"
2005–2006,5,,Manchester United,9,5,3,1,14,7,7,18,2.0,D,DLWWD,8,4,Tottenham Hotspur,1–1,Silvestre 7
2005–2006,7,,Manchester United,10,5,3,2,15,11,4,18,1.8,L,LWWDL,9,4,Middlesbrough,1–4,Ronaldo 90
2005–2006,4,,Manchester United,11,6,3,2,16,11,5,21,1.91,W,WWDLW,10,5,Chelsea,1–0,Fletcher 31
2005–2006,3,,Manchester United,12,7,3,2,19,12,7,24,2.0,W,WDLWW,11,5,Charlton Athletic,3–1,"Smith 37, Van Nistelrooy(2)  70, 85"
2005–2006,2,,Manchester United,13,8,3,2,21,13,8,27,2.08,W,DLWWW,12,5,West Ham United,2–1,"Rooney 47, OShea 56"
2005–2006,2,,Manchester United,14,9,3,2,24,13,11,30,2.14,W,LWWWW,13,6,Portsmouth,3–0,"Scholes 20, Rooney 80, Van Nistelrooy 84"
2005–2006,3,,Manchester United,15,9,4,2,25,14,11,31,2.07,D,WWWWD,14,6,Everton,1–1,Giggs 15
2005–2006,2,,Manchester United,16,10,4,2,29,14,15,34,2.12,W,WWWDW,15,7,Wigan Athletic,4–0,"Ferdinand 30, Rooney(2)  35, 55, Van Nistelrooy 70 (pen.)"
2005–2006,2,,Manchester United,17,11,4,2,31,14,17,37,2.18,W,WWDWW,16,8,Aston Villa,2–0,"Van Nistelrooy 10, Rooney 51"
2005–2006,2,,Manchester United,18,12,4,2,34,14,20,40,2.22,W,WDWWW,17,9,West Bromwich Albion,3–0,"Scholes 35, Ferdinand 45, Van Nistelrooy 63"
2005–2006,2,,Manchester United,19,12,5,2,36,16,20,41,2.16,D,DWWWD,18,9,Birmingham City,2–2,"Van Nistelrooy 4, Rooney 53"
2005–2006,2,,Manchester United,20,13,5,2,40,17,23,44,2.2,W,WWWDW,19,9,Bolton Wanderers,4–1,"Ngotty 8 (o.g.), Saha 44, Ronaldo(2)  68, 90"
2005–2006,2,,Manchester United,21,13,6,2,40,17,23,45,2.14,D,WWDWD,19,10,Arsenal,0–0,
2005–2006,2,,Manchester United,22,13,6,3,41,20,21,45,2.05,L,WDWDL,20,10,Manchester City,1–3,Van Nistelrooy 76
2005–2006,2,,Manchester United,23,14,6,3,42,20,22,48,2.09,W,DWDLW,21,11,Liverpool,1–0,Ferdinand 90
2005–2006,2,,Manchester United,24,14,6,4,45,24,21,48,2.0,L,WDLWL,22,11,Blackburn Rovers,3–4,"Saha 37, Van Nistelrooy(2)  63, 65"
2005–2006,2,,Manchester United,25,15,6,4,49,26,23,51,2.04,W,DLWLW,23,11,Fulham,4–2,"Bocanegra 6 (o.g.), Ronaldo(2)  14, 86, Saha 23"
2005–2006,2,,Manchester United,26,16,6,4,52,27,25,54,2.08,W,LWLWW,24,11,Portsmouth,3–1,"Van Nistelrooy 18, Ronaldo(2)  38, 45"
2005–2006,2,,Manchester United,27,17,6,4,54,28,26,57,2.11,W,WLWWW,25,11,Wigan Athletic,2–1,"Ronaldo 74, Chimbonda 90 (o.g.)"
2005–2006,2,,Manchester United,28,18,6,4,56,28,28,60,2.14,W,LWWWW,26,12,Newcastle United,2–0,"Rooney(2)  8, 12"
2005–2006,2,,Manchester United,29,19,6,4,58,29,29,63,2.17,W,WWWWW,27,12,West Bromwich Albion,2–1,"Saha(2)  16, 64"
2005–2006,2,,Manchester United,30,20,6,4,61,29,32,66,2.2,W,WWWWW,28,13,Birmingham City,3–0,"Giggs(2)  3, 15, Rooney 83"
2005–2006,2,,Manchester United,31,21,6,4,62,29,33,69,2.23,W,WWWWW,29,14,West Ham United,1–0,Van Nistelrooy 45
2005–2006,2,,Manchester United,32,22,6,4,64,30,34,72,2.25,W,WWWWW,30,14,Bolton Wanderers,2–1,"Saha 33, Van Nistelrooy 79"
2005–2006,2,,Manchester United,33,23,6,4,66,30,36,75,2.27,W,WWWWW,31,15,Arsenal,2–0,"Rooney 54, Park 78"
2005–2006,2,,Manchester United,34,23,7,4,66,30,36,76,2.24,D,WWWWD,31,16,Sunderland,0–0,
2005–2006,2,,Manchester United,35,24,7,4,68,31,37,79,2.26,W,WWWDW,32,16,Tottenham Hotspur,2–1,"Rooney(2)  8, 36"
2005–2006,2,,Manchester United,36,24,7,5,68,34,34,79,2.19,L,WWDWL,32,16,Chelsea,0–3,
2005–2006,2,,Manchester United,37,24,8,5,68,34,34,80,2.16,D,WDWLD,32,17,Middlesbrough,0–0,
2005–2006,2,,Manchester United,38,25,8,5,72,34,38,83,2.18,W,DWLDW,33,18,Charlton Athletic,4–0,"Saha 19, Ronaldo 23, Euell 34 (o.g.), Richardson 58"
2006–2007,1,,Manchester United,1,1,0,0,5,1,4,3,3.0,W,W,1,0,Fulham,5–1,"Saha 8, Pearce 14 (o.g.), Rooney(2)  16, 64, Ronaldo 19"
2006–2007,1,,Manchester United,2,2,0,0,8,1,7,6,3.0,W,WW,2,1,Charlton Athletic,3–0,"Fletcher 49, Saha 80, Solskjær 90"
2006–2007,1,,Manchester United,3,3,0,0,10,2,8,9,3.0,W,WWW,3,1,Watford,2–1,"Silvestre 12, Giggs 52"
2006–2007,1,,Manchester United,4,4,0,0,11,2,9,12,3.0,W,WWWW,4,2,Tottenham Hotspur,1–0,Giggs 9
2006–2007,2,,Manchester United,5,4,0,1,11,3,8,12,2.4,L,WWWWL,4,2,Arsenal,0–1,
2006–2007,2,,Manchester United,6,4,1,1,12,4,8,13,2.17,D,WWWLD,5,2,Reading,1–1,Ronaldo 73
2006–2007,1,,Manchester United,7,5,1,1,14,4,10,16,2.29,W,WWLDW,6,3,Newcastle United,2–0,"Solskjær(2)  41, 49"
2006–2007,1,,Manchester United,8,6,1,1,17,5,12,19,2.38,W,WLDWW,7,3,Wigan Athletic,3–1,"Vidić62, Saha 66, Solskjær 90"
2006–2007,1,,Manchester United,9,7,1,1,19,5,14,22,2.44,W,LDWWW,8,4,Liverpool,2–0,"Scholes 39, Ferdinand 66"
2006–2007,1,,Manchester United,10,8,1,1,23,5,18,25,2.5,W,DWWWW,9,5,Bolton Wanderers,4–0,"Rooney(3)  10, 16, 89, Ronaldo 82"
2006–2007,1,,Manchester United,11,9,1,1,26,5,21,28,2.55,W,WWWWW,10,6,Portsmouth,3–0,"Saha 3 (pen.), Ronaldo 10, Vidić66"
2006–2007,1,,Manchester United,12,10,1,1,27,5,22,31,2.58,W,WWWWW,11,7,Blackburn Rovers,1–0,Saha 64
2006–2007,1,,Manchester United,13,11,1,1,29,6,23,34,2.62,W,WWWWW,12,7,Sheffield United,2–1,"Rooney(2)  30, 75"
2006–2007,1,,Manchester United,14,11,2,1,30,7,23,35,2.5,D,WWWWD,13,7,Chelsea,1–1,Saha 29
2006–2007,1,,Manchester United,15,12,2,1,33,7,26,38,2.53,W,WWWDW,14,8,Everton,3–0,"Ronaldo 39, Evra 63, OShea 88"
2006–2007,1,,Manchester United,16,13,2,1,35,8,27,41,2.56,W,WWDWW,15,8,Middlesbrough,2–1,"Saha 19 (pen.), Fletcher 68"
2006–2007,1,,Manchester United,17,14,2,1,38,9,29,44,2.59,W,WDWWW,16,8,Manchester City,3–1,"Rooney 6, Saha 45, Ronaldo 84"
2006–2007,1,,Manchester United,18,14,2,2,38,10,28,44,2.44,L,DWWWL,16,8,West Ham United,0–1,
2006–2007,1,,Manchester United,19,15,2,2,41,10,31,47,2.47,W,WWWLW,17,9,Aston Villa,3–0,"Ronaldo(2)  58, 85, Scholes 64"
2006–2007,1,,Manchester United,20,16,2,2,44,11,33,50,2.5,W,WWLWW,18,9,Wigan Athletic,3–1,"Ronaldo(2)  47, 51, Solskjær 59"
2006–2007,1,,Manchester United,21,17,2,2,47,13,34,53,2.52,W,WLWWW,19,9,Reading,3–2,"Solskjær 33, Ronaldo(2)  59, 77"
2006–2007,1,,Manchester United,22,17,3,2,49,15,34,54,2.45,D,LWWWD,20,9,Newcastle United,2–2,"Scholes(2)  40, 46"
2006–2007,1,,Manchester United,23,18,3,2,52,16,36,57,2.48,W,WWWDW,21,9,Aston Villa,3–1,"Park 11, Carrick 13, Ronaldo 35"
2006–2007,1,,Manchester United,24,18,3,3,53,18,35,57,2.38,L,WWDWL,22,9,Arsenal,1–2,Rooney 53
2006–2007,1,,Manchester United,25,19,3,3,57,18,39,60,2.4,W,WDWLW,23,10,Watford,4–0,"Ronaldo 20 (pen.), Doyley 60 (o.g.), Larsson 70, Rooney 71"
2006–2007,1,,Manchester United,26,20,3,3,61,18,43,63,2.42,W,DWLWW,24,11,Tottenham Hotspur,4–0,"Ronaldo 45 (pen.), Vidić48, Scholes 52, Giggs 77"
2006–2007,1,,Manchester United,27,21,3,3,63,18,45,66,2.44,W,WLWWW,25,12,Charlton Athletic,2–0,"Park 24, Fletcher 82"
2006–2007,1,,Manchester United,28,22,3,3,65,19,46,69,2.46,W,LWWWW,26,12,Fulham,2–1,"Giggs 29, Ronaldo 88"
2006–2007,1,,Manchester United,29,23,3,3,66,19,47,72,2.48,W,WWWWW,27,13,Liverpool,1–0,OShea 90+1
2006–2007,1,,Manchester United,30,24,3,3,70,20,50,75,2.5,W,WWWWW,28,13,Bolton Wanderers,4–1,"Park(2)  14, 25, Rooney(2)  17, 74"
2006–2007,1,,Manchester United,31,25,3,3,74,21,53,78,2.52,W,WWWWW,29,13,Blackburn Rovers,4–1,"Scholes 61, Carrick 72, Park 83, Solskjær 90"
2006–2007,1,,Manchester United,32,25,3,4,75,23,52,78,2.44,L,WWWWL,30,13,Portsmouth,1–2,OShea 90
2006–2007,1,,Manchester United,33,26,3,4,77,23,54,81,2.45,W,WWWLW,31,14,Sheffield United,2–0,"Carrick 4, Rooney 50"
2006–2007,1,,Manchester United,34,26,4,4,78,24,54,82,2.41,D,WWLWD,32,14,Middlesbrough,1–1,Richardson 3
2006–2007,1,,Manchester United,35,27,4,4,82,26,56,85,2.43,W,WLWDW,33,14,Everton,4–2,"OShea 61, P. Neville 68 (o.g.), Rooney 79, Eagles 90"
2006–2007,1,,Manchester United,36,28,4,4,83,26,57,88,2.44,W,LWDWW,34,15,Manchester City,1–0,Ronaldo 34 (pen.)
2006–2007,1,,Manchester United,37,28,5,4,83,26,57,89,2.41,D,WDWWD,34,16,Chelsea,0–0,
2006–2007,1,,Manchester United,38,28,5,5,83,27,56,89,2.34,L,DWWDL,34,16,West Ham United,0–1,
2007–2008,11,,Manchester United,1,0,1,0,0,0,0,1,1.0,D,D,0,1,Reading,0–0,
2007–2008,12,,Manchester United,2,0,2,0,1,1,0,2,1.0,D,DD,1,1,Portsmouth,1–1,Scholes 15
2007–2008,17,,Manchester United,3,0,2,1,1,2,-1,2,0.67,L,DDL,1,1,Manchester City,0–1,
2007–2008,10,,Manchester United,4,1,2,1,2,2,0,5,1.25,W,DDLW,2,2,Tottenham Hotspur,1–0,Nani 68
2007–2008,6,,Manchester United,5,2,2,1,3,2,1,8,1.6,W,DDLWW,3,3,Sunderland,1–0,Saha 71
2007–2008,1,,Manchester United,6,3,2,1,4,2,2,11,1.83,W,DLWWW,4,4,Everton,1–0,Vidić83
2007–2008,2,,Manchester United,7,4,2,1,6,2,4,14,2.0,W,LWWWW,5,5,Chelsea,2–0,"Tevez 45, Saha 89 (pen.)"
2007–2008,2,,Manchester United,8,5,2,1,7,2,5,17,2.12,W,WWWWW,6,6,Birmingham City,1–0,Ronaldo 52
2007–2008,1,,Manchester United,9,6,2,1,11,2,9,20,2.22,W,WWWWW,7,7,Wigan Athletic,4–0,"Tevez 54, Ronaldo(2)  58, 76, Rooney 82"
2007–2008,2,,Manchester United,10,7,2,1,15,3,12,23,2.3,W,WWWWW,8,7,Aston Villa,4–1,"Rooney(2)  36, 44, Ferdinand 45, Giggs 75"
2007–2008,1,,Manchester United,11,8,2,1,19,4,15,26,2.36,W,WWWWW,9,7,Middlesbrough,4–1,"Nani 3, Rooney 33, Tevez(2)  55, 85"
2007–2008,2,,Manchester United,12,8,3,1,21,6,15,27,2.25,D,WWWWD,10,7,Arsenal,2–2,"Gallas 45 (o.g.), Ronaldo 81"
2007–2008,1,,Manchester United,13,9,3,1,23,6,17,30,2.31,W,WWWDW,11,8,Blackburn Rovers,2–0,"Ronaldo(2)  34, 35"
2007–2008,2,,Manchester United,14,9,3,2,23,7,16,30,2.14,L,WWDWL,11,8,Bolton Wanderers,0–1,
2007–2008,2,,Manchester United,15,10,3,2,25,7,18,33,2.2,W,WDWLW,12,9,Fulham,2–0,"Ronaldo(2)  10, 58"
2007–2008,2,,Manchester United,16,11,3,2,29,8,21,36,2.25,W,DWLWW,13,9,Derby County,4–1,"Giggs 41, Tevez(2)  45, 61, Ronaldo 90+2 (pen.)"
2007–2008,2,,Manchester United,17,12,3,2,30,8,22,39,2.29,W,WLWWW,14,10,Liverpool,1–0,Tevez 43
2007–2008,2,,Manchester United,18,13,3,2,32,9,23,42,2.33,W,LWWWW,15,10,Everton,2–1,"Ronaldo(2)  22, 88 (pen.)"
2007–2008,1,,Manchester United,19,14,3,2,36,9,27,45,2.37,W,WWWWW,16,11,Sunderland,4–0,"Rooney 20, Saha(2)  30, 85 (pen.), Ronaldo 45"
2007–2008,2,,Manchester United,20,14,3,3,37,11,26,45,2.25,L,WWWWL,17,11,West Ham United,1–2,Ronaldo 14
2007–2008,2,,Manchester United,21,15,3,3,38,11,27,48,2.29,W,WWWLW,18,12,Birmingham City,1–0,Tevez 25
2007–2008,1,,Manchester United,22,16,3,3,44,11,33,51,2.32,W,WWLWW,19,13,Newcastle United,6–0,"Ronaldo(3)  49, 70, 88, Tevez(2)  55, 90, Ferdinand 85"
2007–2008,1,,Manchester United,23,17,3,3,46,11,35,54,2.35,W,WLWWW,20,14,Reading,2–0,"Rooney 77, Ronaldo 90"
2007–2008,1,,Manchester United,24,18,3,3,48,11,37,57,2.38,W,LWWWW,21,15,Portsmouth,2–0,"Ronaldo(2)  10, 12"
2007–2008,2,,Manchester United,25,18,4,3,49,12,37,58,2.32,D,WWWWD,22,15,Tottenham Hotspur,1–1,Tevez 90
2007–2008,2,,Manchester United,26,18,4,4,50,14,36,58,2.23,L,WWWDL,23,15,Manchester City,1–2,Carrick 90
2007–2008,2,,Manchester United,27,19,4,4,55,15,40,61,2.26,W,WWDLW,24,15,Newcastle United,5–1,"Rooney(2)  25, 80, Ronaldo(2)  45, 56, Saha 90"
2007–2008,2,,Manchester United,28,20,4,4,58,15,43,64,2.29,W,WDLWW,25,16,Fulham,3–0,"Hargreaves 14, Park 45, Davies 72 (o.g.)"
2007–2008,1,,Manchester United,29,21,4,4,59,15,44,67,2.31,W,DLWWW,26,17,Derby County,1–0,Ronaldo 76
2007–2008,1,,Manchester United,30,22,4,4,61,15,46,70,2.33,W,LWWWW,27,18,Bolton Wanderers,2–0,"Ronaldo(2)  9, 20"
2007–2008,1,,Manchester United,31,23,4,4,64,15,49,73,2.35,W,WWWWW,28,19,Liverpool,3–0,"Brown 34, Ronaldo 79, Nani 81"
2007–2008,1,,Manchester United,32,24,4,4,68,15,53,76,2.38,W,WWWWW,29,20,Aston Villa,4–0,"Ronaldo 16, Tevez 33, Rooney(2)  53, 70"
2007–2008,1,,Manchester United,33,24,5,4,70,17,53,77,2.33,D,WWWWD,30,20,Middlesbrough,2–2,"Ronaldo 10, Rooney 74"
2007–2008,1,,Manchester United,34,25,5,4,72,18,54,80,2.35,W,WWWDW,31,20,Arsenal,2–1,"Ronaldo 53 (pen.), Hargreaves 72"
2007–2008,1,,Manchester United,35,25,6,4,73,19,54,81,2.31,D,WWDWD,32,20,Blackburn Rovers,1–1,Tevez 88
2007–2008,1,,Manchester United,36,25,6,5,74,21,53,81,2.25,L,WDWDL,33,20,Chelsea,1–2,Rooney 57
2007–2008,1,,Manchester United,37,26,6,5,78,22,56,84,2.27,W,DWDLW,34,20,West Ham United,4–1,"Ronaldo(2)  3, 24, Tevez 26, Carrick 59"
2007–2008,1,,Manchester United,38,27,6,5,80,22,58,87,2.29,W,WDLWW,35,21,Wigan Athletic,2–0,"Ronaldo 33 (pen.), Giggs 80"
2008–2009,10,,Manchester United,1,0,1,0,1,1,0,1,1.0,D,D,1,0,Newcastle United,1–1,Fletcher 24
2008–2009,5,,Manchester United,2,1,1,0,2,1,1,4,2.0,W,DW,2,1,Portsmouth,1–0,Fletcher 32
2008–2009,9,,Manchester United,3,1,1,1,3,3,0,4,1.33,L,DWL,3,1,Liverpool,1–2,Tevez 3
2008–2009,15,,Manchester United,4,1,2,1,4,4,0,5,1.25,D,DWLD,4,1,Chelsea,1–1,Park 18
2008–2009,8,,Manchester United,5,2,2,1,6,4,2,8,1.6,W,DWLDW,5,2,Bolton Wanderers,2–0,"Ronaldo 60 (pen.), Rooney 77"
2008–2009,6,,Manchester United,6,3,2,1,8,4,4,11,1.83,W,WLDWW,6,3,Blackburn Rovers,2–0,"Brown 31, Rooney 64"
2008–2009,4,,Manchester United,7,4,2,1,12,4,8,14,2.0,W,LDWWW,7,4,West Bromwich Albion,4–0,"Rooney 56, Ronaldo 69, Berbatov 72, Nani 90"
2008–2009,5,,Manchester United,8,4,3,1,13,5,8,15,1.88,D,DWWWD,8,4,Everton,1–1,Fletcher 22
2008–2009,6,,Manchester United,9,5,3,1,15,5,10,18,2.0,W,WWWDW,9,5,West Ham United,2–0,"Ronaldo(2)  14, 30"
2008–2009,3,,Manchester United,10,6,3,1,19,8,11,21,2.1,W,WWDWW,10,5,Hull City,4–3,"Ronaldo(2)  3, 44, Carrick 29, Vidić57"
2008–2009,4,,Manchester United,11,6,3,2,20,10,10,21,1.91,L,WDWWL,11,5,Arsenal,1–2,Rafael 90
2008–2009,3,,Manchester United,12,7,3,2,25,10,15,24,2.0,W,DWWLW,12,6,Stoke City,5–0,"Ronaldo(2)  3, 89, Carrick 45+1, Berbatov 49, Welbeck 84"
2008–2009,3,,Manchester United,13,7,4,2,25,10,15,25,1.92,D,WWLWD,12,7,Aston Villa,0–0,
2008–2009,3,,Manchester United,14,8,4,2,26,10,16,28,2.0,W,WLWDW,13,8,Manchester City,1–0,Rooney 42
2008–2009,3,,Manchester United,15,9,4,2,27,10,17,31,2.07,W,LWDWW,14,9,Sunderland,1–0,Vidić90+1
2008–2009,3,,Manchester United,16,9,5,2,27,10,17,32,2.0,D,WDWWD,14,10,Tottenham Hotspur,0–0,
2008–2009,3,,Manchester United,17,10,5,2,28,10,18,35,2.06,W,DWWDW,15,11,Stoke City,1–0,Tevez 83
2008–2009,3,,Manchester United,18,11,5,2,29,10,19,38,2.11,W,WWDWW,16,12,Middlesbrough,1–0,Berbatov 69
2008–2009,3,,Manchester United,19,12,5,2,32,10,22,41,2.16,W,WDWWW,17,13,Chelsea,3–0,"Vidić45, Rooney 63, Berbatov 86"
2008–2009,2,,Manchester United,20,13,5,2,33,10,23,44,2.2,W,DWWWW,18,14,Wigan Athletic,1–0,Rooney 1
2008–2009,1,,Manchester United,21,14,5,2,34,10,24,47,2.24,W,WWWWW,19,15,Bolton Wanderers,1–0,Berbatov 90
2008–2009,1,,Manchester United,22,15,5,2,39,10,29,50,2.27,W,WWWWW,20,16,West Bromwich Albion,5–0,"Berbatov 22, Tevez 44, Vidić60, Ronaldo(2)  65, 73"
2008–2009,1,,Manchester United,23,16,5,2,40,10,30,53,2.3,W,WWWWW,21,17,Everton,1–0,Ronaldo 44 (pen.)
2008–2009,1,,Manchester United,24,17,5,2,41,10,31,56,2.33,W,WWWWW,22,18,West Ham United,1–0,Giggs 62
2008–2009,1,,Manchester United,25,18,5,2,44,10,34,59,2.36,W,WWWWW,23,19,Fulham,3–0,"Scholes 12, Berbatov 29, Rooney 62"
2008–2009,1,,Manchester United,26,19,5,2,46,11,35,62,2.38,W,WWWWW,24,19,Blackburn Rovers,2–1,"Rooney 23, Ronaldo 60"
2008–2009,1,,Manchester United,27,20,5,2,48,12,36,65,2.41,W,WWWWW,25,19,Newcastle United,2–1,"Rooney 20, Berbatov 56"
2008–2009,1,,Manchester United,28,20,5,3,49,16,33,65,2.32,L,WWWWL,26,19,Liverpool,1–4,Ronaldo 23 (pen.)
2008–2009,1,,Manchester United,29,20,5,4,49,18,31,65,2.24,L,WWWLL,26,19,Fulham,0–2,
2008–2009,1,,Manchester United,30,21,5,4,52,20,32,68,2.27,W,WWLLW,27,19,Aston Villa,3–2,"Ronaldo(2)  13, 81, Macheda 90+3"
2008–2009,1,,Manchester United,31,22,5,4,54,21,33,71,2.29,W,WLLWW,28,19,Sunderland,2–1,"Scholes 19, Macheda 75"
2008–2009,1,,Manchester United,32,23,5,4,56,21,35,74,2.31,W,LLWWW,29,20,Portsmouth,2–0,"Rooney 9, Carrick 82"
2008–2009,1,,Manchester United,33,24,5,4,61,23,38,77,2.33,W,LWWWW,30,20,Tottenham Hotspur,5–2,"Ronaldo(2)  56 (pen.), 68, Rooney(2)  67, 71, Berbatov 79"
2008–2009,1,,Manchester United,34,25,5,4,63,23,40,80,2.35,W,WWWWW,31,21,Middlesbrough,2–0,"Giggs 25, Park 51"
2008–2009,1,,Manchester United,35,26,5,4,65,23,42,83,2.37,W,WWWWW,32,22,Manchester City,2–0,"Ronaldo 17, Tevez 45"
2008–2009,1,,Manchester United,36,27,5,4,67,24,43,86,2.39,W,WWWWW,33,22,Wigan Athletic,2–1,"Tevez 61, Carrick 86"
2008–2009,1,,Manchester United,37,27,6,4,67,24,43,87,2.35,D,WWWWD,33,23,Arsenal,0–0,
2008–2009,1,,Manchester United,38,28,6,4,68,24,44,90,2.37,W,WWWDW,34,24,Hull City,1–0,Gibson 24
2009–2010,9,,Manchester United,1,1,0,0,1,0,1,3,3.0,W,W,1,1,Birmingham City,1–0,Rooney 34
2009–2010,10,,Manchester United,2,1,0,1,1,1,0,3,1.5,L,WL,1,1,Burnley,0–1,
2009–2010,3,,Manchester United,3,2,0,1,6,1,5,6,2.0,W,WLW,2,2,Wigan Athletic,5–0,"Rooney(2)  56, 65, Berbatov 58, Owen 85, Nani 90+2"
2009–2010,3,,Manchester United,4,3,0,1,8,2,6,9,2.25,W,WLWW,3,2,Arsenal,2–1,"Rooney 59 (pen.), Diaby 64 (o.g.)"
2009–2010,2,,Manchester United,5,4,0,1,11,3,8,12,2.4,W,WLWWW,4,2,Tottenham Hotspur,3–1,"Giggs 25, Anderson 41, Rooney 78"
2009–2010,2,,Manchester United,6,5,0,1,15,6,9,15,2.5,W,LWWWW,5,2,Manchester City,4–3,"Rooney 2, Fletcher(2)  49, 80, Owen 90+6"
2009–2010,1,,Manchester United,7,6,0,1,17,6,11,18,2.57,W,WWWWW,6,3,Stoke City,2–0,"Berbatov 62, OShea 77"
2009–2010,1,,Manchester United,8,6,1,1,19,8,11,19,2.38,D,WWWWD,7,3,Sunderland,2–2,"Berbatov 51, Ferdinand 90+4 (o.g.)"
2009–2010,1,,Manchester United,9,7,1,1,21,9,12,22,2.44,W,WWWDW,8,3,Bolton Wanderers,2–1,"Knight 5 (o.g.), Valencia 33"
2009–2010,2,,Manchester United,10,7,1,2,21,11,10,22,2.2,L,WWDWL,8,3,Liverpool,0–2,
2009–2010,2,,Manchester United,11,8,1,2,23,11,12,25,2.27,W,WDWLW,9,4,Blackburn Rovers,2–0,"Berbatov 55, Rooney 87"
2009–2010,3,,Manchester United,12,8,1,3,23,12,11,25,2.08,L,DWLWL,9,4,Chelsea,0–1,
2009–2010,2,,Manchester United,13,9,1,3,26,12,14,28,2.15,W,WLWLW,10,5,Everton,3–0,"Fletcher 35, Carrick 67, Valencia 76"
2009–2010,2,,Manchester United,14,10,1,3,30,13,17,31,2.21,W,LWLWW,11,5,Portsmouth,4–1,"Rooney(3)  25 (pen.), 48, 54 (pen.), Giggs 87"
2009–2010,2,,Manchester United,15,11,1,3,34,13,21,34,2.27,W,WLWWW,12,6,West Ham United,4–0,"Scholes 45+1, Gibson 61, Valencia 71, Rooney 72"
2009–2010,2,,Manchester United,16,11,1,4,34,14,20,34,2.12,L,LWWWL,12,6,Aston Villa,0–1,
2009–2010,2,,Manchester United,17,12,1,4,37,14,23,37,2.18,W,WWWLW,13,7,Wolverhampton Wanderers,3–0,"Rooney 30 (pen.), Vidić43, Valencia 66"
2009–2010,2,,Manchester United,18,12,1,5,37,17,20,37,2.06,L,WWLWL,13,7,Fulham,0–3,
2009–2010,2,,Manchester United,19,13,1,5,40,18,22,40,2.11,W,WLWLW,14,7,Hull City,3–1,"Rooney 45+2, Dawson 73 (o.g.), Berbatov 82"
2009–2010,2,,Manchester United,20,14,1,5,45,18,27,43,2.15,W,LWLWW,15,8,Wigan Athletic,5–0,"Rooney 28, Carrick 32, Rafael 45, Berbatov 50, Valencia 75"
2009–2010,2,,Manchester United,21,14,2,5,46,19,27,44,2.1,D,WLWWD,16,8,Birmingham City,1–1,Dann 63 (o.g.)
2009–2010,2,,Manchester United,22,15,2,5,49,19,30,47,2.14,W,LWWDW,17,9,Burnley,3–0,"Berbatov 64, Rooney 69, Diouf 90+1"
2009–2010,1,,Manchester United,23,16,2,5,53,19,34,50,2.17,W,WWDWW,18,10,Hull City,4–0,"Rooney(4)  8, 82, 86, 90+3"
2009–2010,2,,Manchester United,24,17,2,5,56,20,36,53,2.21,W,WDWWW,19,10,Arsenal,3–1,"Almunia 33 (o.g.), Rooney 37, Park 52"
2009–2010,1,,Manchester United,25,18,2,5,61,20,41,56,2.24,W,DWWWW,20,11,Portsmouth,5–0,"Rooney 40, Vanden Borre 45 (o.g.), Carrick 59, Berbatov 62, Wilson 69 (o.g.)"
2009–2010,2,,Manchester United,26,18,3,5,62,21,41,57,2.19,D,WWWWD,21,11,Aston Villa,1–1,Collins 23 (o.g.)
2009–2010,2,,Manchester United,27,18,3,6,63,24,39,57,2.11,L,WWWDL,22,11,Everton,1–3,Berbatov 16
2009–2010,2,,Manchester United,28,19,3,6,66,24,42,60,2.14,W,WWDLW,23,12,West Ham United,3–0,"Rooney(2)  38, 55, Owen 80"
2009–2010,1,,Manchester United,29,20,3,6,67,24,43,63,2.17,W,WDLWW,24,13,Wolverhampton Wanderers,1–0,Scholes 73
2009–2010,1,,Manchester United,30,21,3,6,70,24,46,66,2.2,W,DLWWW,25,14,Fulham,3–0,"Rooney(2)  46, 84, Berbatov 89"
2009–2010,1,,Manchester United,31,22,3,6,72,25,47,69,2.23,W,LWWWW,26,14,Liverpool,2–1,"Rooney 12, Park 60"
2009–2010,1,,Manchester United,32,23,3,6,76,25,51,72,2.25,W,WWWWW,27,15,Bolton Wanderers,4–0,"Samuel 38 (o.g.), Berbatov(2)  69, 78, Gibson 82"
2009–2010,2,,Manchester United,33,23,3,7,77,27,50,72,2.18,L,WWWWL,28,15,Chelsea,1–2,Macheda 81
2009–2010,2,,Manchester United,34,23,4,7,77,27,50,73,2.15,D,WWWLD,28,16,Blackburn Rovers,0–0,
2009–2010,2,,Manchester United,35,24,4,7,78,27,51,76,2.17,W,WWLDW,29,17,Manchester City,1–0,Scholes 90+3
2009–2010,1,,Manchester United,36,25,4,7,81,28,53,79,2.19,W,WLDWW,30,17,Tottenham Hotspur,3–1,"Giggs(2)  58 (pen.), 86 (pen.), Nani 81"
2009–2010,2,,Manchester United,37,26,4,7,82,28,54,82,2.22,W,LDWWW,31,18,Sunderland,1–0,Nani 28
2009–2010,2,,Manchester United,38,27,4,7,86,28,58,85,2.24,W,DWWWW,32,19,Stoke City,4–0,"Fletcher 31, Giggs 38, Higginbotham 54 (o.g.), Park 84"
2010–2011,4,,Manchester United,1,1,0,0,3,0,3,3,3.0,W,W,1,1,Newcastle United,3–0,"Berbatov 33, Fletcher 41, Giggs 85"
2010–2011,3,,Manchester United,2,1,1,0,5,2,3,4,2.0,D,WD,2,1,Fulham,2–2,"Scholes 11, Hangeland 84 (o.g.)"
2010–2011,3,,Manchester United,3,2,1,0,8,2,6,7,2.33,W,WDW,3,2,West Ham United,3–0,"Rooney 33 (pen.), Nani 50, Berbatov 69"
2010–2011,3,,Manchester United,4,2,2,0,11,5,6,8,2.0,D,WDWD,4,2,Everton,3–3,"Fletcher 43, Vidić47, Berbatov 66"
2010–2011,3,,Manchester United,5,3,2,0,14,7,7,11,2.2,W,WDWDW,5,2,Liverpool,3–2,"Berbatov(3)  42, 59, 84"
2010–2011,2,,Manchester United,6,3,3,0,16,9,7,12,2.0,D,DWDWD,6,2,Bolton Wanderers,2–2,"Nani 23, Owen 74"
2010–2011,3,,Manchester United,7,3,4,0,16,9,7,13,1.86,D,WDWDD,6,3,Sunderland,0–0,
2010–2011,3,,Manchester United,8,3,5,0,18,11,7,14,1.75,D,DWDDD,7,3,West Bromwich Albion,2–2,"Hernández 5, Nani 25"
2010–2011,3,,Manchester United,9,4,5,0,20,12,8,17,1.89,W,WDDDW,8,3,Stoke City,2–1,"Hernández(2)  27, 86"
2010–2011,3,,Manchester United,10,5,5,0,22,12,10,20,2.0,W,DDDWW,9,4,Tottenham Hotspur,2–0,"Vidić31, Nani 84"
2010–2011,2,,Manchester United,11,6,5,0,24,13,11,23,2.09,W,DDWWW,10,4,Wolverhampton Wanderers,2–1,"Park(2)  45, 90+3"
2010–2011,2,,Manchester United,12,6,6,0,24,13,11,24,2.0,D,DWWWD,10,5,Manchester City,0–0,
2010–2011,3,,Manchester United,13,6,7,0,26,15,11,25,1.92,D,WWWDD,11,5,Aston Villa,2–2,"Macheda 81, Vidić85"
2010–2011,2,,Manchester United,14,7,7,0,28,15,13,28,2.0,W,WWDDW,12,6,Wigan Athletic,2–0,"Evra 45+1, Hernández 77"
2010–2011,1,,Manchester United,15,8,7,0,35,16,19,31,2.07,W,WDDWW,13,6,Blackburn Rovers,7–1,"Berbatov(5)  2, 27, 47, 62, 70, Park 23, Nani 48"
2010–2011,1,,Manchester United,16,9,7,0,36,16,20,34,2.12,W,DDWWW,14,7,Arsenal,1–0,Park 41
2010–2011,1,,Manchester United,17,10,7,0,38,16,22,37,2.18,W,DWWWW,15,8,Sunderland,2–0,"Berbatov 5, A. Ferdinand 57 (o.g.)"
2010–2011,1,,Manchester United,18,10,8,0,39,17,22,38,2.11,D,WWWWD,16,8,Birmingham City,1–1,Berbatov 58
2010–2011,1,,Manchester United,19,11,8,0,41,18,23,41,2.16,W,WWWDW,17,8,West Bromwich Albion,2–1,"Rooney 3, Hernández 75"
2010–2011,1,,Manchester United,20,12,8,0,43,19,24,44,2.2,W,WWDWW,18,8,Stoke City,2–1,"Hernández 27, Nani 62"
2010–2011,1,,Manchester United,21,12,9,0,43,19,24,45,2.14,D,WDWWD,18,9,Tottenham Hotspur,0–0,
2010–2011,1,,Manchester United,22,13,9,0,48,19,29,48,2.18,W,DWWDW,19,10,Birmingham City,5–0,"Berbatov(3)  2, 31, 53, Giggs 45+2, Nani 76"
2010–2011,1,,Manchester United,23,14,9,0,51,21,30,51,2.22,W,WWDWW,20,10,Blackpool,3–2,"Berbatov(2)  72, 88, Hernández 74"
2010–2011,1,,Manchester United,24,15,9,0,54,22,32,54,2.25,W,WDWWW,21,10,Aston Villa,3–1,"Rooney(2)  1, 45+1, Vidić63"
2010–2011,1,,Manchester United,25,15,9,1,55,24,31,54,2.16,L,DWWWL,22,10,Wolverhampton Wanderers,1–2,Nani 3
2010–2011,1,,Manchester United,26,16,9,1,57,25,32,57,2.19,W,WWWLW,23,10,Manchester City,2–1,"Nani 41, Rooney 78"
2010–2011,1,,Manchester United,27,17,9,1,61,25,36,60,2.22,W,WWLWW,24,11,Wigan Athletic,4–0,"Hernández(2)  17, 74, Rooney 84, Fabio 87"
2010–2011,1,,Manchester United,28,17,9,2,62,27,35,60,2.14,L,WLWWL,25,11,Chelsea,1–2,Rooney 29
2010–2011,1,,Manchester United,29,17,9,3,63,30,33,60,2.07,L,LWWLL,26,11,Liverpool,1–3,Hernández 90+2
2010–2011,1,,Manchester United,30,18,9,3,64,30,34,63,2.1,W,WWLLW,27,12,Bolton Wanderers,1–0,Berbatov 88
2010–2011,1,,Manchester United,31,19,9,3,68,32,36,66,2.13,W,WLLWW,28,12,West Ham United,4–2,"Rooney(3)  65, 73, 79 (pen.), Hernández 84"
2010–2011,1,,Manchester United,32,20,9,3,70,32,38,69,2.16,W,LLWWW,29,13,Fulham,2–0,"Berbatov 12, Valencia 32"
2010–2011,1,,Manchester United,33,20,10,3,70,32,38,70,2.12,D,LWWWD,29,14,Newcastle United,0–0,
2010–2011,1,,Manchester United,34,21,10,3,71,32,39,73,2.15,W,WWWDW,30,15,Everton,1–0,Hernández 84
2010–2011,1,,Manchester United,35,21,10,4,71,33,38,73,2.09,L,WWDWL,30,15,Arsenal,0–1,
2010–2011,1,,Manchester United,36,22,10,4,73,34,39,76,2.11,W,WDWLW,31,15,Chelsea,2–1,"Hernández 1, Vidić23"
2010–2011,1,,Manchester United,37,22,11,4,74,35,39,77,2.08,D,DWLWD,32,15,Blackburn Rovers,1–1,Rooney 73 (pen.)
2010–2011,1,,Manchester United,38,23,11,4,78,37,41,80,2.11,W,WLWDW,33,15,Blackpool,4–2,"Park 21, Anderson 62, Evatt 74 (o.g.), Owen 81"
2011–2012,3,,Manchester United,1,1,0,0,2,1,1,3,3.0,W,W,1,0,West Bromwich Albion,2–1,"Rooney 13, Reid 81 (o.g.)"
2011–2012,2,,Manchester United,2,2,0,0,5,1,4,6,3.0,W,WW,2,1,Tottenham Hotspur,3–0,"Welbeck 61, Anderson 76, Rooney 87"
2011–2012,1,,Manchester United,3,3,0,0,13,3,10,9,3.0,W,WWW,3,1,Arsenal,8–2,"Welbeck 22, Young(2)  28, 90+1, Rooney(3)  41, 64, 82 (pen.), Nani 67, Park 70"
2011–2012,1,,Manchester United,4,4,0,0,18,3,15,12,3.0,W,WWWW,4,2,Bolton Wanderers,5–0,"Hernández(2)  5, 58, Rooney(3)  20, 25, 68"
2011–2012,1,,Manchester United,5,5,0,0,21,4,17,15,3.0,W,WWWWW,5,2,Chelsea,3–1,"Smalling 8, Nani 37, Rooney 45"
2011–2012,1,,Manchester United,6,5,1,0,22,5,17,16,2.67,D,WWWWD,6,2,Stoke City,1–1,Nani 27
2011–2012,1,,Manchester United,7,6,1,0,24,5,19,19,2.71,W,WWWDW,7,3,Norwich City,2–0,"Anderson 68, Welbeck 87"
2011–2012,2,,Manchester United,8,6,2,0,25,6,19,20,2.5,D,WWDWD,8,3,Liverpool,1–1,Hernández 81
2011–2012,2,,Manchester United,9,6,2,1,26,12,14,20,2.22,L,WDWDL,9,3,Manchester City,1–6,Fletcher 81
2011–2012,2,,Manchester United,10,7,2,1,27,12,15,23,2.3,W,DWDLW,10,4,Everton,1–0,Hernández 19
2011–2012,2,,Manchester United,11,8,2,1,28,12,16,26,2.36,W,WDLWW,11,5,Sunderland,1–0,Brown 45+1 (o.g.)
2011–2012,2,,Manchester United,12,9,2,1,29,12,17,29,2.42,W,DLWWW,12,6,Swansea City,1–0,Hernández 11
2011–2012,2,,Manchester United,13,9,3,1,30,13,17,30,2.31,D,LWWWD,13,6,Newcastle United,1–1,Hernández 49
2011–2012,2,,Manchester United,14,10,3,1,31,13,18,33,2.36,W,WWWDW,14,7,Aston Villa,1–0,Jones 20
2011–2012,2,,Manchester United,15,11,3,1,35,14,21,36,2.4,W,WWDWW,15,7,Wolverhampton Wanderers,4–1,"Nani(2)  17, 56, Rooney(2)  27, 62"
2011–2012,2,,Manchester United,16,12,3,1,37,14,23,39,2.44,W,WDWWW,16,8,Queens Park Rangers,2–0,"Rooney 1, Carrick 56"
2011–2012,2,,Manchester United,17,13,3,1,42,14,28,42,2.47,W,DWWWW,17,9,Fulham,5–0,"Welbeck 5, Nani 28, Giggs 43, Rooney 88, Berbatov 90"
2011–2012,2,,Manchester United,18,14,3,1,47,14,33,45,2.5,W,WWWWW,18,10,Wigan Athletic,5–0,"Park 8, Berbatov(3)  41, 58, 78 (pen.), Valencia 75"
2011–2012,2,,Manchester United,19,14,3,2,49,17,32,45,2.37,L,WWWWL,19,10,Blackburn Rovers,2–3,"Berbatov(2)  52, 62"
2011–2012,2,,Manchester United,20,14,3,3,49,20,29,45,2.25,L,WWWLL,19,10,Newcastle United,0–3,
2011–2012,2,,Manchester United,21,15,3,3,52,20,32,48,2.29,W,WWLLW,20,11,Bolton Wanderers,3–0,"Scholes 45+1, Welbeck 74, Carrick 83"
2011–2012,2,,Manchester United,22,16,3,3,54,21,33,51,2.32,W,WLLWW,21,11,Arsenal,2–1,"Valencia 45+1, Welbeck 81"
2011–2012,2,,Manchester United,23,17,3,3,56,21,35,54,2.35,W,LLWWW,22,12,Stoke City,2–0,"Hernández 38 (pen.), Berbatov 53 (pen.)"
2011–2012,2,,Manchester United,24,17,4,3,59,24,35,55,2.29,D,LWWWD,23,12,Chelsea,3–3,"Rooney(2)  58 (pen.), 69 (pen.), Hernández 84"
2011–2012,1,,Manchester United,25,18,4,3,61,25,36,58,2.32,W,WWWDW,24,12,Liverpool,2–1,"Rooney(2)  47, 50"
2011–2012,2,,Manchester United,26,19,4,3,63,26,37,61,2.35,W,WWDWW,25,12,Norwich City,2–1,"Scholes 7, Giggs 90+2"
2011–2012,2,,Manchester United,27,20,4,3,66,27,39,64,2.37,W,WDWWW,26,12,Tottenham Hotspur,3–1,"Rooney 45, Young(2)  60, 69"
2011–2012,1,,Manchester United,28,21,4,3,68,27,41,67,2.39,W,DWWWW,27,13,West Bromwich Albion,2–0,"Rooney(2)  35, 71 (pen.)"
2011–2012,1,,Manchester United,29,22,4,3,73,27,46,70,2.41,W,WWWWW,28,14,Wolverhampton Wanderers,5–0,"Evans 21, Valencia 43, Welbeck 45+1, Hernández(2)  56, 61"
2011–2012,1,,Manchester United,30,23,4,3,74,27,47,73,2.43,W,WWWWW,29,15,Fulham,1–0,Rooney 42
2011–2012,1,,Manchester United,31,24,4,3,76,27,49,76,2.45,W,WWWWW,30,16,Blackburn Rovers,2–0,"Valencia 81, Young 86"
2011–2012,1,,Manchester United,32,25,4,3,78,27,51,79,2.47,W,WWWWW,31,17,Queens Park Rangers,2–0,"Rooney 15 (pen.), Scholes 68"
2011–2012,1,,Manchester United,33,25,4,4,78,28,50,79,2.39,L,WWWWL,31,17,Wigan Athletic,0–1,
2011–2012,1,,Manchester United,34,26,4,4,82,28,54,82,2.41,W,WWWLW,32,18,Aston Villa,4–0,"Rooney(2)  7 (pen.), 73, Welbeck 43, Nani 90+3"
2011–2012,1,,Manchester United,35,26,5,4,86,32,54,83,2.37,D,WWLWD,33,18,Everton,4–4,"Rooney(2)  41, 69, Welbeck 57, Nani 60"
2011–2012,2,,Manchester United,36,26,5,5,86,33,53,83,2.31,L,WLWDL,33,18,Manchester City,0–1,
2011–2012,2,,Manchester United,37,27,5,5,88,33,55,86,2.32,W,LWDLW,34,19,Swansea City,2–0,"Scholes 28′, Young 41′"
2011–2012,2,,Manchester United,38,28,5,5,89,33,56,89,2.34,W,WDLWW,35,20,Sunderland,1–0,Rooney 20
2012–2013,16,,Manchester United,1,0,0,1,0,1,-1,0,0.0,L,L,0,0,Everton,0–1,
2012–2013,7,,Manchester United,2,1,0,1,3,3,0,3,1.5,W,LW,1,0,Fulham,3–2,"Van Persie 10, Kagawa 35, Rafael 41"
2012–2013,5,,Manchester United,3,2,0,1,6,5,1,6,2.0,W,LWW,2,0,Southampton,3–2,"Van Persie(3)  23, 87, 90+2"
2012–2013,2,,Manchester United,4,3,0,1,10,5,5,9,2.25,W,LWWW,3,1,Wigan Athletic,4–0,"Scholes 51, Hernández 63, Büttner 66, Powell 82"
2012–2013,2,,Manchester United,5,4,0,1,12,6,6,12,2.4,W,LWWWW,4,1,Liverpool,2–1,"Rafael 51, Van Persie 81 (pen.)"
2012–2013,3,,Manchester United,6,4,0,2,14,9,5,12,2.0,L,WWWWL,5,1,Tottenham Hotspur,2–3,"Nani 51, Kagawa 53"
2012–2013,2,,Manchester United,7,5,0,2,17,9,8,15,2.14,W,WWWLW,6,2,Newcastle United,3–0,"Evans 8, Evra 15, Cleverley 71"
2012–2013,2,,Manchester United,8,6,0,2,21,11,10,18,2.25,W,WWLWW,7,2,Stoke City,4–2,"Rooney(2)  27, 65, Van Persie 44, Welbeck 46"
2012–2013,2,,Manchester United,9,7,0,2,24,13,11,21,2.33,W,WLWWW,8,2,Chelsea,3–2,"Luiz 4 (o.g.), Van Persie 12, Hernández 75"
2012–2013,1,,Manchester United,10,8,0,2,26,14,12,24,2.4,W,LWWWW,9,2,Arsenal,2–1,"Van Persie 3, Evra 67"
2012–2013,1,,Manchester United,11,9,0,2,29,16,13,27,2.45,W,WWWWW,10,2,Aston Villa,3–2,"Hernández(2)  58, 87, Vlaar 63 (o.g.)"
2012–2013,2,,Manchester United,12,9,0,3,29,17,12,27,2.25,L,WWWWL,10,2,Norwich City,0–1,
2012–2013,1,,Manchester United,13,10,0,3,32,18,14,30,2.31,W,WWWLW,11,2,Queens Park Rangers,3–1,"Evans 64, Fletcher 68, Hernández 72"
2012–2013,1,,Manchester United,14,11,0,3,33,18,15,33,2.36,W,WWLWW,12,3,West Ham United,1–0,Van Persie 1
2012–2013,1,,Manchester United,15,12,0,3,37,21,16,36,2.4,W,WLWWW,13,3,Reading,4–3,"Anderson 13, Rooney(2)  16 (pen.), 30, Van Persie 34"
2012–2013,1,,Manchester United,16,13,0,3,40,23,17,39,2.44,W,LWWWW,14,3,Manchester City,3–2,"Rooney(2)  16, 29, Van Persie 90+2"
2012–2013,1,,Manchester United,17,14,0,3,43,24,19,42,2.47,W,WWWWW,15,3,Sunderland,3–1,"Van Persie 16, Cleverley 19, Rooney 59"
2012–2013,1,,Manchester United,18,14,1,3,44,25,19,43,2.39,D,WWWWD,16,3,Swansea City,1–1,Evra 16
2012–2013,1,,Manchester United,19,15,1,3,48,28,20,46,2.42,W,WWWDW,17,3,Newcastle United,4–3,"Evans 25, Evra 58, Van Persie 71, Hernández 90"
2012–2013,1,,Manchester United,20,16,1,3,50,28,22,49,2.45,W,WWDWW,18,4,West Bromwich Albion,2–0,"McAuley 9 (o.g.), Van Persie 90"
2012–2013,1,,Manchester United,21,17,1,3,54,28,26,52,2.48,W,WDWWW,19,5,Wigan Athletic,4–0,"Hernández(2)  35, 63, Van Persie(2)  43, 88"
2012–2013,1,,Manchester United,22,18,1,3,56,29,27,55,2.5,W,DWWWW,20,5,Liverpool,2–1,"Van Persie 19, Vidić54"
2012–2013,1,,Manchester United,23,18,2,3,57,30,27,56,2.43,D,WWWWD,21,5,Tottenham Hotspur,1–1,Van Persie 25
2012–2013,1,,Manchester United,24,19,2,3,59,31,28,59,2.46,W,WWWDW,22,5,Southampton,2–1,"Rooney(2)  8, 27"
2012–2013,1,,Manchester United,25,20,2,3,60,31,29,62,2.48,W,WWDWW,23,6,Fulham,1–0,Rooney 79
2012–2013,1,,Manchester United,26,21,2,3,62,31,31,65,2.5,W,WDWWW,24,7,Everton,2–0,"Giggs 13, Van Persie 45+1"
2012–2013,1,,Manchester United,27,22,2,3,64,31,33,68,2.52,W,DWWWW,25,8,Queens Park Rangers,2–0,"Rafael 23, Giggs 80"
2012–2013,1,,Manchester United,28,23,2,3,68,31,37,71,2.54,W,WWWWW,26,9,Norwich City,4–0,"Kagawa(3)  45+1, 76, 87, Rooney 90"
2012–2013,1,,Manchester United,29,24,2,3,69,31,38,74,2.55,W,WWWWW,27,10,Reading,1–0,Rooney 21
2012–2013,1,,Manchester United,30,25,2,3,70,31,39,77,2.57,W,WWWWW,28,11,Sunderland,1–0,Bramble 27 (o.g.)
2012–2013,1,,Manchester United,31,25,2,4,71,33,38,77,2.48,L,WWWWL,29,11,Manchester City,1–2,Kompany 59 (o.g.)
2012–2013,1,,Manchester United,32,26,2,4,73,33,40,80,2.5,W,WWWLW,30,12,Stoke City,2–0,"Carrick 4, Van Persie 66 (pen.)"
2012–2013,1,,Manchester United,33,26,3,4,75,35,40,81,2.45,D,WWLWD,31,12,West Ham United,2–2,"Valencia 31, Van Persie 77"
2012–2013,1,,Manchester United,34,27,3,4,78,35,43,84,2.47,W,WLWDW,32,13,Aston Villa,3–0,"Van Persie(3)  2, 13, 33"
2012–2013,1,,Manchester United,35,27,4,4,79,36,43,85,2.43,D,LWDWD,33,13,Arsenal,1–1,Van Persie 44 (pen.)
2012–2013,1,,Manchester United,36,27,4,5,79,37,42,85,2.36,L,WDWDL,33,13,Chelsea,0–1,
2012–2013,1,,Manchester United,37,28,4,5,81,38,43,88,2.38,W,DWDLW,34,13,Swansea City,2–1,"Hernández 39, Ferdinand 87"
2012–2013,1,,Manchester United,38,28,5,5,86,43,43,89,2.34,D,WDLWD,35,13,West Bromwich Albion,5–5,"Kagawa 6, Olsson 9 (o.g.), Büttner 30, Van Persie 53, Hernández 63"
2013–2014,1,,Manchester United,1,1,0,0,4,1,3,3,3.0,W,W,1,0,Swansea City,4–1,"Van Persie(2)  34, 72, Welbeck(2)  36, 90+2"
2013–2014,4,,Manchester United,2,1,1,0,4,1,3,4,2.0,D,WD,1,1,Chelsea,0–0,
2013–2014,7,,Manchester United,3,1,1,1,4,2,2,4,1.33,L,WDL,1,1,Liverpool,0–1,
2013–2014,5,,Manchester United,4,2,1,1,6,2,4,7,1.75,W,WDLW,2,2,Crystal Palace,2–0,"Van Persie 45+1 (pen.), Rooney 81"
2013–2014,8,,Manchester United,5,2,1,2,7,6,1,7,1.4,L,WDLWL,3,2,Manchester City,1–4,Rooney 87
2013–2014,12,,Manchester United,6,2,1,3,8,8,0,7,1.17,L,DLWLL,4,2,West Bromwich Albion,1–2,Rooney 57
2013–2014,9,,Manchester United,7,3,1,3,10,9,1,10,1.43,W,LWLLW,5,2,Sunderland,2–1,"Januzaj(2)  55, 61"
2013–2014,8,,Manchester United,8,3,2,3,11,10,1,11,1.38,D,WLLWD,6,2,Southampton,1–1,Van Persie 26
2013–2014,8,,Manchester United,9,4,2,3,14,12,2,14,1.56,W,LLWDW,7,2,Stoke City,3–2,"Van Persie 43, Rooney 78, Hernández 80"
2013–2014,8,,Manchester United,10,5,2,3,17,13,4,17,1.7,W,LWDWW,8,2,Fulham,3–1,"Valencia 9, Van Persie 20, Rooney 22"
2013–2014,5,,Manchester United,11,6,2,3,18,13,5,20,1.82,W,WDWWW,9,3,Arsenal,1–0,Van Persie 27
2013–2014,6,,Manchester United,12,6,3,3,20,15,5,21,1.75,D,DWWWD,10,3,Cardiff City,2–2,"Rooney 15, Evra 45"
2013–2014,8,,Manchester United,13,6,4,3,22,17,5,22,1.69,D,WWWDD,11,3,Tottenham Hotspur,2–2,"Rooney(2)  32, 57 (pen.)"
2013–2014,9,,Manchester United,14,6,4,4,22,18,4,22,1.57,L,WWDDL,11,3,Everton,0–1,
2013–2014,9,,Manchester United,15,6,4,5,22,19,3,22,1.47,L,WDDLL,11,3,Newcastle United,0–1,
2013–2014,8,,Manchester United,16,7,4,5,25,19,6,25,1.56,W,DDLLW,12,4,Aston Villa,3–0,"Welbeck(2)  15, 18, Cleverley 52"
2013–2014,7,,Manchester United,17,8,4,5,28,20,8,28,1.65,W,DLLWW,13,4,West Ham United,3–1,"Welbeck 26, Januzaj 36, Young 72"
2013–2014,7,,Manchester United,18,9,4,5,31,22,9,31,1.72,W,LLWWW,14,4,Hull City,3–2,"Smalling 19, Rooney 26, Chester 66 (o.g.)"
2013–2014,6,,Manchester United,19,10,4,5,32,22,10,34,1.79,W,LWWWW,15,5,Norwich City,1–0,Welbeck 57
2013–2014,7,,Manchester United,20,10,4,6,33,24,9,34,1.7,L,WWWWL,16,5,Tottenham Hotspur,1–2,Welbeck 67
2013–2014,7,,Manchester United,21,11,4,6,35,24,11,37,1.76,W,WWWLW,17,6,Swansea City,2–0,"Valencia 47, Welbeck 59"
2013–2014,7,,Manchester United,22,11,4,7,36,27,9,37,1.68,L,WWLWL,18,6,Chelsea,1–3,Hernández 78
2013–2014,7,,Manchester United,23,12,4,7,38,27,11,40,1.74,W,WLWLW,19,7,Cardiff City,2–0,"Van Persie 6, Young 59"
2013–2014,7,,Manchester United,24,12,4,8,39,29,10,40,1.67,L,LWLWL,20,7,Stoke City,1–2,Van Persie 47
2013–2014,7,,Manchester United,25,12,5,8,41,31,10,41,1.64,D,WLWLD,21,7,Fulham,2–2,"Van Persie 78, Carrick 80"
2013–2014,7,,Manchester United,26,12,6,8,41,31,10,42,1.62,D,LWLDD,21,8,Arsenal,0–0,
2013–2014,7,,Manchester United,27,13,6,8,43,31,12,45,1.67,W,WLDDW,22,9,Crystal Palace,2–0,"Van Persie 62 (pen.), Rooney 68"
2013–2014,6,,Manchester United,28,14,6,8,46,31,15,48,1.71,W,LDDWW,23,10,West Bromwich Albion,3–0,"Jones 34, Rooney 65, Welbeck 82"
2013–2014,7,,Manchester United,29,14,6,9,46,34,12,48,1.66,L,DDWWL,23,10,Liverpool,0–3,
2013–2014,7,,Manchester United,30,15,6,9,48,34,14,51,1.7,W,DWWLW,24,11,West Ham United,2–0,"Rooney(2)  8, 33"
2013–2014,7,,Manchester United,31,15,6,10,48,37,11,51,1.65,L,WWLWL,24,11,Manchester City,0–3,
2013–2014,7,,Manchester United,32,16,6,10,52,38,14,54,1.69,W,WLWLW,25,11,Aston Villa,4–1,"Rooney(2)  20, 45 (pen.), Mata 57, Hernández 90+1"
2013–2014,6,,Manchester United,33,17,6,10,56,38,18,57,1.73,W,LWLWW,26,12,Newcastle United,4–0,"Mata(2)  39, 50, Hernández 64, Januzaj 90+3"
2013–2014,7,,Manchester United,34,17,6,11,56,40,16,57,1.68,L,WLWWL,26,12,Everton,0–2,
2013–2014,7,,Manchester United,35,18,6,11,60,40,20,60,1.71,W,LWWLW,27,13,Norwich City,4–0,"Rooney(2)  41 (pen.), 48, Mata(2)  63, 73"
2013–2014,7,,Manchester United,36,18,6,12,60,41,19,60,1.67,L,WWLWL,27,13,Sunderland,0–1,
2013–2014,7,,Manchester United,37,19,6,12,63,42,21,63,1.7,W,WLWLW,28,13,Hull City,3–1,"Wilson(2)  31, 61, Van Persie 86"
2013–2014,7,,Manchester United,38,19,7,12,64,43,21,64,1.68,D,LWLWD,29,13,Southampton,1–1,Mata 54
2014–2015,16,,Manchester United,1,0,0,1,1,2,-1,0,0.0,L,L,1,0,Swansea City,1–2,Rooney 53
2014–2015,13,,Manchester United,2,0,1,1,2,3,-1,1,0.5,D,LD,2,0,Sunderland,1–1,Mata 17
2014–2015,14,,Manchester United,3,0,2,1,2,3,-1,2,0.67,D,LDD,2,1,Burnley,0–0,
2014–2015,9,,Manchester United,4,1,2,1,6,3,3,5,1.25,W,LDDW,3,2,Queens Park Rangers,4–0,"Di María 24, Herrera 36, Rooney 44, Mata 58"
2014–2015,12,,Manchester United,5,1,2,2,9,8,1,5,1.0,L,LDDWL,4,2,Leicester City,3–5,"Van Persie 13, Di María 16, Herrera 57"
2014–2015,7,,Manchester United,6,2,2,2,11,9,2,8,1.33,W,DDWLW,5,2,West Ham United,2–1,"Rooney 5, Van Persie 22"
2014–2015,4,,Manchester United,7,3,2,2,13,10,3,11,1.57,W,DWLWW,6,2,Everton,2–1,"Di María 28, Falcao 63"
2014–2015,6,,Manchester United,8,3,3,2,15,12,3,12,1.5,D,WLWWD,7,2,West Bromwich Albion,2–2,"Fellaini 47, Blind 86"
2014–2015,8,,Manchester United,9,3,4,2,16,13,3,13,1.44,D,LWWDD,8,2,Chelsea,1–1,Van Persie 90+4
2014–2015,9,,Manchester United,10,3,4,3,16,14,2,13,1.3,L,WWDDL,8,2,Manchester City,0–1,
2014–2015,6,,Manchester United,11,4,4,3,17,14,3,16,1.45,W,WDDLW,9,3,Crystal Palace,1–0,Mata 67
2014–2015,4,,Manchester United,12,5,4,3,19,15,4,19,1.58,W,DDLWW,10,3,Arsenal,2–1,"Gibbs 56 (o.g.), Rooney 85"
2014–2015,4,,Manchester United,13,6,4,3,22,15,7,22,1.69,W,DLWWW,11,4,Hull City,3–0,"Smalling 16, Rooney 42, Van Persie 66"
2014–2015,4,,Manchester United,14,7,4,3,24,16,8,25,1.79,W,LWWWW,12,4,Stoke City,2–1,"Fellaini 21, Mata 59"
2014–2015,3,,Manchester United,15,8,4,3,26,17,9,28,1.87,W,WWWWW,13,4,Southampton,2–1,"Van Persie(2)  12, 71"
2014–2015,3,,Manchester United,16,9,4,3,29,17,12,31,1.94,W,WWWWW,14,5,Liverpool,3–0,"Rooney 12, Mata 40, Van Persie 71"
2014–2015,3,,Manchester United,17,9,5,3,30,18,12,32,1.88,D,WWWWD,15,5,Aston Villa,1–1,Falcao 53
2014–2015,3,,Manchester United,18,10,5,3,33,19,14,35,1.94,W,WWWDW,16,5,Newcastle United,3–1,"Rooney(2)  23, 36, Van Persie 53"
2014–2015,3,,Manchester United,19,10,6,3,33,19,14,36,1.89,D,WWDWD,16,6,Tottenham Hotspur,0–0,
2014–2015,3,,Manchester United,20,10,7,3,34,20,14,37,1.85,D,WDWDD,17,6,Stoke City,1–1,Falcao 26
2014–2015,4,,Manchester United,21,10,7,4,34,21,13,37,1.76,L,DWDDL,17,6,Southampton,0–1,
2014–2015,4,,Manchester United,22,11,7,4,36,21,15,40,1.82,W,WDDLW,18,7,Queens Park Rangers,2–0,"Fellaini 58, Wilson 90+4"
2014–2015,3,,Manchester United,23,12,7,4,39,22,17,43,1.87,W,DDLWW,19,7,Leicester City,3–1,"Van Persie 27, Falcao 31, Morgan 44 (o.g.)"
2014–2015,4,,Manchester United,24,12,8,4,40,23,17,44,1.83,D,DLWWD,20,7,West Ham United,1–1,Blind 90+2
2014–2015,3,,Manchester United,25,13,8,4,43,24,19,47,1.88,W,LWWDW,21,7,Burnley,3–1,"Smalling(2)  6, 45+3, Van Persie 82 (pen.)"
2014–2015,4,,Manchester United,26,13,8,5,44,26,18,47,1.81,L,WWDWL,22,7,Swansea City,1–2,Herrera 28
2014–2015,3,,Manchester United,27,14,8,5,46,26,20,50,1.85,W,WDWLW,23,8,Sunderland,2–0,"Rooney(2)  66 (pen.), 84"
2014–2015,4,,Manchester United,28,15,8,5,47,26,21,53,1.89,W,DWLWW,24,9,Newcastle United,1–0,Young 89
2014–2015,4,,Manchester United,29,16,8,5,50,26,24,56,1.93,W,WLWWW,25,10,Tottenham Hotspur,3–0,"Fellaini 9, Carrick 19, Rooney 34"
2014–2015,4,,Manchester United,30,17,8,5,52,27,25,59,1.97,W,LWWWW,26,10,Liverpool,2–1,"Mata(2)  14, 59"
2014–2015,3,,Manchester United,31,18,8,5,55,28,27,62,2.0,W,WWWWW,27,10,Aston Villa,3–1,"Herrera(2)  43, 90+2, Rooney 79"
2014–2015,3,,Manchester United,32,19,8,5,59,30,29,65,2.03,W,WWWWW,28,10,Manchester City,4–2,"Young 14, Fellaini 27, Mata 67, Smalling 73"
2014–2015,3,,Manchester United,33,19,8,6,59,31,28,65,1.97,L,WWWWL,28,10,Chelsea,0–1,
2014–2015,4,,Manchester United,34,19,8,7,59,34,25,65,1.91,L,WWWLL,28,10,Everton,0–3,
2014–2015,4,,Manchester United,35,19,8,8,59,35,24,65,1.86,L,WWLLL,28,10,West Bromwich Albion,0–1,
2014–2015,4,,Manchester United,36,20,8,8,61,36,25,68,1.89,W,WLLLW,29,10,Crystal Palace,2–1,"Mata 19 (pen.), Fellaini 78"
2014–2015,4,,Manchester United,37,20,9,8,62,37,25,69,1.86,D,LLLWD,30,10,Arsenal,1–1,Herrera 30
2014–2015,4,,Manchester United,38,20,10,8,62,37,25,70,1.84,D,LLWDD,30,11,Hull City,0–0,
2015–2016,,,Manchester United,1,1,0,0,1,0,1,3,3.0,W,W,1,1,Tottenham Hotspur,1–0,Walker 22 (o.g.)
2015–2016,,,Manchester United,2,2,0,0,2,0,2,6,3.0,W,WW,2,2,Aston Villa,1–0,Januzaj 29
2015–2016,,,Manchester United,3,2,1,0,2,0,2,7,2.33,D,WWD,2,3,Newcastle United,0–0,
2015–2016,,,Manchester United,4,2,1,1,3,2,1,7,1.75,L,WWDL,3,3,Swansea City,1–2,Mata 48
2015–2016,,,Manchester United,5,3,1,1,6,3,3,10,2.0,W,WWDLW,4,3,Liverpool,3–1,"Blind 49, Herrera 70 (pen.), Martial 86"
2015–2016,,,Manchester United,6,4,1,1,9,5,4,13,2.17,W,WDLWW,5,3,Southampton,3–2,"Martial(2)  34, 50, Mata 68"
2015–2016,,,Manchester United,7,5,1,1,12,5,7,16,2.29,W,DLWWW,6,4,Sunderland,3–0,"Depay 45+4, Rooney 46, Mata 90"
2015–2016,,,Manchester United,8,5,1,2,12,8,4,16,2.0,L,LWWWL,6,4,Arsenal,0–3,
2015–2016,2,,Manchester United,9,6,1,2,15,8,7,19,2.11,W,WWWLW,7,5,Everton,3–0,"Schneiderlin 18, Herrera 22, Rooney 62"
2015–2016,4,,Manchester United,10,6,2,2,15,8,7,20,2.0,D,WWLWD,7,6,Manchester City,0–0,
2015–2016,4,,Manchester United,11,6,3,2,15,8,7,21,1.91,D,WLWDD,7,7,Crystal Palace,0–0,
2015–2016,4,,Manchester United,12,7,3,2,17,8,9,24,2.0,W,LWDDW,8,8,West Bromwich Albion,2–0,"Lingard 52, Mata 90+1 (pen.)"
2015–2016,2,,Manchester United,13,8,3,2,19,9,10,27,2.08,W,WDDWW,9,8,Watford,2–1,"Depay 11, Deeney 90 (o.g.)"
2015–2016,3,,Manchester United,14,8,4,2,20,10,10,28,2.0,D,DDWWD,10,8,Leicester City,1–1,Schweinsteiger 45
2015–2016,4,,Manchester United,15,8,5,2,20,10,10,29,1.93,D,DWWDD,10,9,West Ham United,0–0,
2015–2016,4,,Manchester United,16,8,5,3,21,12,9,29,1.81,L,WWDDL,11,9,AFC Bournemouth,1–2,Fellaini 24
2015–2016,5,,Manchester United,17,8,5,4,22,14,8,29,1.71,L,WDDLL,12,9,Norwich City,1–2,Martial 67
2015–2016,6,,Manchester United,18,8,5,5,22,16,6,29,1.61,L,DDLLL,12,9,Stoke City,0–2,
2015–2016,6,,Manchester United,19,8,6,5,22,16,6,30,1.58,D,DLLLD,12,10,Chelsea,0–0,
2015–2016,5,,Manchester United,20,9,6,5,24,17,7,33,1.65,W,LLLDW,13,10,Swansea City,2–1,"Martial 47, Rooney 77"
2015–2016,6,,Manchester United,21,9,7,5,27,20,7,34,1.62,D,LLDWD,14,10,Newcastle United,3–3,"Rooney(2)  9 (pen.), 79, Lingard 38"
2015–2016,5,,Manchester United,22,10,7,5,28,20,8,37,1.68,W,LDWDW,15,11,Liverpool,1–0,Rooney 78
2015–2016,5,,Manchester United,23,10,7,6,28,21,7,37,1.61,L,DWDWL,15,11,Southampton,0–1,
2015–2016,5,,Manchester United,24,11,7,6,31,21,10,40,1.67,W,WDWLW,16,12,Stoke City,3–0,"Lingard 14, Martial 23, Rooney 53"
2015–2016,5,,Manchester United,25,11,8,6,32,22,10,41,1.64,D,DWLWD,17,12,Chelsea,1–1,Lingard 61
2015–2016,5,,Manchester United,26,11,8,7,33,24,9,41,1.58,L,WLWDL,18,12,Sunderland,1–2,Martial 39
2015–2016,5,,Manchester United,27,12,8,7,36,26,10,44,1.63,W,LWDLW,19,12,Arsenal,3–2,"Rashford(2)  29, 32, Herrera 65"
2015–2016,5,,Manchester United,28,13,8,7,37,26,11,47,1.68,W,WDLWW,20,13,Watford,1–0,Mata 83
2015–2016,6,,Manchester United,29,13,8,8,37,27,10,47,1.62,L,DLWWL,20,13,West Bromwich Albion,0–1,
2015–2016,6,,Manchester United,30,14,8,8,38,27,11,50,1.67,W,LWWLW,21,14,Manchester City,1–0,Rashford 16
2015–2016,5,,Manchester United,31,15,8,8,39,27,12,53,1.71,W,WWLWW,22,15,Everton,1–0,Martial 54
2015–2016,5,,Manchester United,32,15,8,9,39,30,9,53,1.66,L,WLWWL,22,15,Tottenham Hotspur,0–3,
2015–2016,5,,Manchester United,33,16,8,9,40,30,10,56,1.7,W,LWWLW,23,16,Aston Villa,1–0,Rashford 32
2015–2016,5,,Manchester United,34,17,8,9,42,30,12,59,1.74,W,WWLWW,24,17,Crystal Palace,2–0,"Delaney 4 (o.g.), Darmian 55"
2015–2016,5,,Manchester United,35,17,9,9,43,31,12,60,1.71,D,WLWWD,25,17,Leicester City,1–1,Martial 8
2015–2016,5,,Manchester United,36,18,9,9,44,31,13,63,1.75,W,LWWDW,26,18,Norwich City,1–0,Mata 72
2015–2016,5,,Manchester United,37,18,9,10,46,34,12,63,1.7,L,WWDWL,27,18,West Ham United,2–3,"Martial(2)  51, 72"
2015–2016,5,,Manchester United,38,19,9,10,49,35,14,66,1.74,W,WDWLW,28,18,AFC Bournemouth,3–1,"Rooney 43, Rashford 74, Young 87"
2016–2017,1,,Manchester United,1,1,0,0,3,1,2,3,3.0,W,W,1,0,Bournemouth,3–1,"Mata 40, Rooney 59, Ibrahimović64"
2016–2017,1,,Manchester United,2,2,0,0,5,1,4,6,3.0,W,WW,2,1,Southampton,2–0,"Ibrahimović(2)  36, 52 (pen.)"
2016–2017,2,,Manchester United,3,3,0,0,6,1,5,9,3.0,W,WWW,3,2,Hull City,1–0,Rashford 90+2
2016–2017,3,,Manchester United,4,3,0,1,7,3,4,9,2.25,L,WWWL,4,2,Manchester City,1–2,Ibrahimović42
2016–2017,7,,Manchester United,5,3,0,2,8,6,2,9,1.8,L,WWWLL,5,2,Watford,1–3,Rashford 62
2016–2017,6,,Manchester United,6,4,0,2,12,7,5,12,2.0,W,WWLLW,6,2,Leicester City,4–1,"Smalling 22, Mata 37, Rashford 40, Pogba 42"
2016–2017,6,,Manchester United,7,4,1,2,13,8,5,13,1.86,D,WLLWD,7,2,Stoke City,1–1,Martial 69
2016–2017,7,,Manchester United,8,4,2,2,13,8,5,14,1.75,D,LLWDD,7,3,Liverpool,0–0,
2016–2017,7,,Manchester United,9,4,2,3,13,12,1,14,1.56,L,LWDDL,7,3,Chelsea,0–4,
2016–2017,8,,Manchester United,10,4,3,3,13,12,1,15,1.5,D,WDDLD,7,4,Burnley,0–0,
2016–2017,6,,Manchester United,11,5,3,3,16,13,3,18,1.64,W,DDLDW,8,4,Swansea City,3–1,"Pogba 15, Ibrahimović(2)  21, 33"
2016–2017,6,,Manchester United,12,5,4,3,17,14,3,19,1.58,D,DLDWD,9,4,Arsenal,1–1,Mata 68
2016–2017,6,,Manchester United,13,5,5,3,18,15,3,20,1.54,D,LDWDD,10,4,West Ham United,1–1,Ibrahimović21
2016–2017,6,,Manchester United,14,5,6,3,19,16,3,21,1.5,D,DWDDD,11,4,Everton,1–1,Ibrahimović42
2016–2017,6,,Manchester United,15,6,6,3,20,16,4,24,1.6,W,WDDDW,12,5,Tottenham Hotspur,1–0,Mkhitaryan 29
2016–2017,6,,Manchester United,16,7,6,3,22,17,5,27,1.69,W,DDDWW,13,5,Crystal Palace,2–1,"Pogba 45+2, Ibrahimović88"
2016–2017,6,,Manchester United,17,8,6,3,24,17,7,30,1.76,W,DDWWW,14,6,West Bromwich Albion,2–0,"Ibrahimović(2)  5, 56"
2016–2017,6,,Manchester United,18,9,6,3,27,18,9,33,1.83,W,DWWWW,15,6,Sunderland,3–1,"Blind 39, Ibrahimović82, Mkhitaryan 86"
2016–2017,6,,Manchester United,19,10,6,3,29,19,10,36,1.89,W,WWWWW,16,6,Middlesbrough,2–1,"Martial 85, Pogba 86"
2016–2017,6,,Manchester United,20,11,6,3,31,19,12,39,1.95,W,WWWWW,17,7,West Ham United,2–0,"Mata 63, Ibrahimović78"
2016–2017,6,,Manchester United,21,11,7,3,32,20,12,40,1.9,D,WWWWD,18,7,Liverpool,1–1,Ibrahimović84
2016–2017,6,,Manchester United,22,11,8,3,33,21,12,41,1.86,D,WWWDD,19,7,Stoke City,1–1,Rooney 90+4
2016–2017,6,,Manchester United,23,11,9,3,33,21,12,42,1.83,D,WWDDD,19,8,Hull City,0–0,
2016–2017,6,,Manchester United,24,12,9,3,36,21,15,45,1.88,W,WDDDW,20,9,Leicester City,3–0,"Mkhitaryan 42, Ibrahimović44, Mata 49"
2016–2017,6,,Manchester United,25,13,9,3,38,21,17,48,1.92,W,DDDWW,21,10,Watford,2–0,"Mata 32, Martial 60"
2016–2017,6,,Manchester United,26,13,10,3,39,22,17,49,1.88,D,DDWWD,22,10,Bournemouth,1–1,Rojo 23
2016–2017,5,,Manchester United,27,14,10,3,42,23,19,52,1.93,W,DWWDW,23,10,Middlesbrough,3–1,"Fellaini 30, Lingard 62, Valencia 90+3"
2016–2017,5,,Manchester United,28,14,11,3,42,23,19,53,1.89,D,WWDWD,23,11,West Bromwich Albion,0–0,
2016–2017,6,,Manchester United,29,14,12,3,43,24,19,54,1.86,D,WDWDD,24,11,Everton,1–1,Ibrahimović90+4 (pen.)
2016–2017,5,,Manchester United,30,15,12,3,46,24,22,57,1.9,W,DWDDW,25,12,Sunderland,3–0,"Ibrahimović30, Mkhitaryan 46, Rashford 89"
2016–2017,5,,Manchester United,31,16,12,3,48,24,24,60,1.94,W,WDDWW,26,13,Chelsea,2–0,"Rashford 7, Herrera 49"
2016–2017,5,,Manchester United,32,17,12,3,50,24,26,63,1.97,W,DDWWW,27,14,Burnley,2–0,"Martial 21, Rooney 39"
2016–2017,5,,Manchester United,33,17,13,3,50,24,26,64,1.94,D,DWWWD,27,15,Manchester City,0–0,
2016–2017,5,,Manchester United,34,17,14,3,51,25,26,65,1.91,D,WWWDD,28,15,Swansea City,1–1,Rooney 45+3 (pen.)
2016–2017,5,,Manchester United,35,17,14,4,51,27,24,65,1.86,L,WWDDL,28,15,Arsenal,0–2,
2016–2017,6,,Manchester United,36,17,14,5,52,29,23,65,1.81,L,WDDLL,29,15,Tottenham Hotspur,1–2,Rooney 71
2016–2017,6,,Manchester United,37,17,15,5,52,29,23,66,1.78,D,DDLLD,29,16,Southampton,0–0,
2016–2017,6,,Manchester United,38,18,15,5,54,29,25,69,1.82,W,DLLDW,30,17,Crystal Palace,2–0,"Harrop 15, Pogba 19"
2017–2018,1,,Manchester United,1,1,0,0,4,0,4,3,3.0,W,W,1,1,West Ham United,4–0,"Lukaku(2)  33, 52, Martial 87, Pogba 90"
2017–2018,1,,Manchester United,2,2,0,0,8,0,8,6,3.0,W,WW,2,2,Swansea City,4–0,"Bailly 45, Lukaku 80, Pogba 82, Martial 84"
2017–2018,1,,Manchester United,3,3,0,0,10,0,10,9,3.0,W,WWW,3,3,Leicester City,2–0,"Rashford 70, Fellaini 82"
2017–2018,1,,Manchester United,4,3,1,0,12,2,10,10,2.5,D,WWWD,4,3,Stoke City,2–2,"Rashford 45+1, Lukaku 57"
2017–2018,2,,Manchester United,5,4,1,0,16,2,14,13,2.6,W,WWWDW,5,4,Everton,4–0,"Valencia 4, Mkhitaryan 83, Lukaku 89, Martial 90+2 (pen.)"
2017–2018,2,,Manchester United,6,5,1,0,17,2,15,16,2.67,W,WWDWW,6,5,Southampton,1–0,Lukaku 20
2017–2018,2,,Manchester United,7,6,1,0,21,2,19,19,2.71,W,WDWWW,7,6,Crystal Palace,4–0,"Mata 3, Fellaini(2)  35, 49, Lukaku 86"
2017–2018,2,,Manchester United,8,6,2,0,21,2,19,20,2.5,D,DWWWD,7,7,Liverpool,0–0,
2017–2018,2,,Manchester United,9,6,2,1,22,4,18,20,2.22,L,WWWDL,8,7,Huddersfield Town,1–2,Rashford 78
2017–2018,2,,Manchester United,10,7,2,1,23,4,19,23,2.3,W,WWDLW,9,8,Tottenham Hotspur,1–0,Martial 81
2017–2018,2,,Manchester United,11,7,2,2,23,5,18,23,2.09,L,WDLWL,9,8,Chelsea,0–1,
2017–2018,2,,Manchester United,12,8,2,2,27,6,21,26,2.17,W,DLWLW,10,8,Newcastle United,4–1,"Martial 37, Smalling 45+1, Pogba 54, Lukaku 70"
2017–2018,2,,Manchester United,13,9,2,2,28,6,22,29,2.23,W,LWLWW,11,9,Brighton & Hove Albion,1–0,Dunk 66 (o.g.)
2017–2018,2,,Manchester United,14,10,2,2,32,8,24,32,2.29,W,WLWWW,12,9,Watford,4–2,"Young(2)  19, 25, Martial 32, Lingard 86"
2017–2018,2,,Manchester United,15,11,2,2,35,9,26,35,2.33,W,LWWWW,13,9,Arsenal,3–1,"Valencia 4, Lingard(2)  11, 63"
2017–2018,2,,Manchester United,16,11,2,3,36,11,25,35,2.19,L,WWWWL,14,9,Manchester City,1–2,Rashford 45+2
2017–2018,2,,Manchester United,17,12,2,3,37,11,26,38,2.24,W,WWWLW,15,10,Bournemouth,1–0,Lukaku 25
2017–2018,2,,Manchester United,18,13,2,3,39,12,27,41,2.28,W,WWLWW,16,10,West Bromwich Albion,2–1,"Lukaku 27, Lingard 35"
2017–2018,2,,Manchester United,19,13,3,3,41,14,27,42,2.21,D,WLWWD,17,10,Leicester City,2–2,"Mata(2)  40, 60"
2017–2018,2,,Manchester United,20,13,4,3,43,16,27,43,2.15,D,LWWDD,18,10,Burnley,2–2,"Lingard(2)  53, 90+1"
2017–2018,3,,Manchester United,21,13,5,3,43,16,27,44,2.1,D,WWDDD,18,11,Southampton,0–0,
2017–2018,2,,Manchester United,22,14,5,3,45,16,29,47,2.14,W,WDDDW,19,12,Everton,2–0,"Martial 57, Lingard 81"
2017–2018,2,,Manchester United,23,15,5,3,48,16,32,50,2.17,W,DDDWW,20,13,Stoke City,3–0,"Valencia 9, Martial 38, Lukaku 72"
2017–2018,2,,Manchester United,24,16,5,3,49,16,33,53,2.21,W,DDWWW,21,14,Burnley,1–0,Martial 54
2017–2018,2,,Manchester United,25,16,5,4,49,18,31,53,2.12,L,DWWWL,21,14,Tottenham Hotspur,0–2,
2017–2018,2,,Manchester United,26,17,5,4,51,18,33,56,2.15,W,WWWLW,22,15,Huddersfield Town,2–0,"Lukaku 55, Sánchez 68"
2017–2018,2,,Manchester United,27,17,5,5,51,19,32,56,2.07,L,WWLWL,22,15,Newcastle United,0–1,
2017–2018,2,,Manchester United,28,18,5,5,53,20,33,59,2.11,W,WLWLW,23,15,Chelsea,2–1,"Lukaku 39, Lingard 75"
2017–2018,2,,Manchester United,29,19,5,5,56,22,34,62,2.14,W,LWLWW,24,15,Crystal Palace,3–2,"Smalling 55, Lukaku 76, Matić90+1"
2017–2018,2,,Manchester United,30,20,5,5,58,23,35,65,2.17,W,WLWWW,25,15,Liverpool,2–1,"Rashford(2)  14, 24"
2017–2018,2,,Manchester United,31,21,5,5,60,23,37,68,2.19,W,LWWWW,26,16,Swansea City,2–0,"Lukaku 5, Sánchez 20"
2017–2018,2,,Manchester United,32,22,5,5,63,25,38,71,2.22,W,WWWWW,27,16,Manchester City,3–2,"Pogba(2)  53, 55, Smalling 69"
2017–2018,2,,Manchester United,33,22,5,6,63,26,37,71,2.15,L,WWWWL,27,16,West Bromwich Albion,0–1,
2017–2018,2,,Manchester United,34,23,5,6,65,26,39,74,2.18,W,WWWLW,28,17,Bournemouth,2–0,"Smalling 28, Lukaku 70"
2017–2018,2,,Manchester United,35,24,5,6,67,27,40,77,2.2,W,WWLWW,29,17,Arsenal,2–1,"Pogba 16, Fellaini 90+1"
2017–2018,2,,Manchester United,36,24,5,7,67,28,39,77,2.14,L,WLWWL,29,17,Brighton & Hove Albion,0–1,
2017–2018,2,,Manchester United,37,24,6,7,67,28,39,78,2.11,D,LWWLD,29,18,West Ham United,0–0,
2017–2018,2,,Manchester United,38,25,6,7,68,28,40,81,2.13,W,WWLDW,30,19,Watford,1–0,Rashford 34
2018–2019,7,,Manchester United,1,1,0,0,2,1,1,3,3.0,W,W,1,0,Leicester City,2–1,"Pogba 3 (pen.), Shaw 83"
2018–2019,9,,Manchester United,2,1,0,1,4,4,0,3,1.5,L,WL,2,0,Brighton & Hove Albion,2–3,"Lukaku 34, Pogba 90+5 (pen.)"
2018–2019,13,,Manchester United,3,1,0,2,4,7,-3,3,1.0,L,WLL,2,0,Tottenham Hotspur,0–3,
2018–2019,10,,Manchester United,4,2,0,2,6,7,-1,6,1.5,W,WLLW,3,1,Burnley,2–0,"Lukaku(2)  27, 44"
2018–2019,8,,Manchester United,5,3,0,2,8,8,0,9,1.8,W,WLLWW,4,1,Watford,2–1,"Lukaku 35, Smalling 38"
2018–2019,7,,Manchester United,6,3,1,2,9,9,0,10,1.67,D,LLWWD,5,1,Wolverhampton Wanderers,1–1,Fred 18
2018–2019,10,,Manchester United,7,3,1,3,10,12,-2,10,1.43,L,LWWDL,6,1,West Ham United,1–3,Rashford 71
2018–2019,8,,Manchester United,8,4,1,3,13,14,-1,13,1.62,W,WWDLW,7,1,Newcastle United,3–2,"Mata 70, Martial 76, Sánchez 90"
2018–2019,10,,Manchester United,9,4,2,3,15,16,-1,14,1.56,D,WDLWD,8,1,Chelsea,2–2,"Martial(2)  55, 73"
2018–2019,8,,Manchester United,10,5,2,3,17,17,0,17,1.7,W,DLWDW,9,1,Everton,2–1,"Pogba 27, Martial 49"
2018–2019,7,,Manchester United,11,6,2,3,19,18,1,20,1.82,W,LWDWW,10,1,Bournemouth,2–1,"Martial 35, Rashford 90+2"
2018–2019,8,,Manchester United,12,6,2,4,20,21,-1,20,1.67,L,WDWWL,11,1,Manchester City,1–3,Martial 58 (pen.)
2018–2019,7,,Manchester United,13,6,3,4,20,21,-1,21,1.62,D,DWWLD,11,2,Crystal Palace,0–0,
2018–2019,7,,Manchester United,14,6,4,4,22,23,-1,22,1.57,D,WWLDD,12,2,Southampton,2–2,"Lukaku 33, Herrera 39"
2018–2019,8,,Manchester United,15,6,5,4,24,25,-1,23,1.53,D,WLDDD,13,2,Arsenal,2–2,"Martial 30, Lingard 69"
2018–2019,6,,Manchester United,16,7,5,4,28,26,2,26,1.62,W,LDDDW,14,2,Fulham,4–1,"Young 13, Mata 28, Lukaku 42, Rashford 82"
2018–2019,6,,Manchester United,17,7,5,5,29,29,0,26,1.53,L,DDDWL,15,2,Liverpool,1–3,Lingard 33
2018–2019,6,,Manchester United,18,8,5,5,34,30,4,29,1.61,W,DDWLW,16,2,Cardiff City,5–1,"Rashford 3, Herrera 29, Martial 41, Lingard(2)  57 (pen.), 90"
2018–2019,6,,Manchester United,19,9,5,5,37,31,6,32,1.68,W,DWLWW,17,2,Huddersfield Town,3–1,"Matić28, Pogba(2)  64, 78"
2018–2019,6,,Manchester United,20,10,5,5,41,32,9,35,1.75,W,WLWWW,18,2,Bournemouth,4–1,"Pogba(2)  5, 33, Rashford 45, Lukaku 72"
2018–2019,6,,Manchester United,21,11,5,5,43,32,11,38,1.81,W,LWWWW,19,3,Newcastle United,2–0,"Lukaku 64, Rashford 80"
2018–2019,6,,Manchester United,22,12,5,5,44,32,12,41,1.86,W,WWWWW,20,4,Tottenham Hotspur,1–0,Rashford 44
2018–2019,6,,Manchester United,23,13,5,5,46,33,13,44,1.91,W,WWWWW,21,4,Brighton & Hove Albion,2–1,"Pogba 27 (pen.), Rashford 42"
2018–2019,6,,Manchester United,24,13,6,5,48,35,13,45,1.88,D,WWWWD,22,4,Burnley,2–2,"Pogba 87 (pen.), Lindelöf 90+2"
2018–2019,5,,Manchester United,25,14,6,5,49,35,14,48,1.92,W,WWWDW,23,5,Leicester City,1–0,Rashford 9
2018–2019,4,,Manchester United,26,15,6,5,52,35,17,51,1.96,W,WWDWW,24,6,Fulham,3–0,"Pogba(2)  14, 65 (pen.), Martial 23"
2018–2019,5,,Manchester United,27,15,7,5,52,35,17,52,1.93,D,WDWWD,24,7,Liverpool,0–0,
2018–2019,5,,Manchester United,28,16,7,5,55,36,19,55,1.96,W,DWWDW,25,7,Crystal Palace,3–1,"Lukaku(2)  33, 52, Young 83"
2018–2019,4,,Manchester United,29,17,7,5,58,38,20,58,2.0,W,WWDWW,26,7,Southampton,3–2,"A. Pereira 53, Lukaku(2)  59, 88"
2018–2019,5,,Manchester United,30,17,7,6,58,40,18,58,1.93,L,WDWWL,26,7,Arsenal,0–2,
2018–2019,5,,Manchester United,31,18,7,6,60,41,19,61,1.97,W,DWWLW,27,7,Watford,2–1,"Rashford 28, Martial 72"
2018–2019,6,,Manchester United,32,18,7,7,61,43,18,61,1.91,L,WWLWL,28,7,Wolverhampton Wanderers,1–2,McTominay 13
2018–2019,6,,Manchester United,33,19,7,7,63,44,19,64,1.94,W,WLWLW,29,7,West Ham United,2–1,"Pogba(2)  19 (pen.), 80 (pen.)"
2018–2019,6,,Manchester United,34,19,7,8,63,48,15,64,1.88,L,LWLWL,29,7,Everton,0–4,
2018–2019,6,,Manchester United,35,19,7,9,63,50,13,64,1.83,L,WLWLL,29,7,Manchester City,0–2,
2018–2019,6,,Manchester United,36,19,8,9,64,51,13,65,1.81,D,LWLLD,30,7,Chelsea,1–1,Mata 11
2018–2019,6,,Manchester United,37,19,9,9,65,52,13,66,1.78,D,WLLDD,31,7,Huddersfield Town,1–1,McTominay 8
2018–2019,6,,Manchester United,38,19,9,10,65,54,11,66,1.74,L,LLDDL,31,7,Cardiff City,0–2,
2019–2020,2,,Manchester United,1,1,0,0,4,0,4,3,3.0,W,W,1,1,Chelsea,4–0,"Rashford(2)  18 (pen.), 67, Martial 65, James 81"
2019–2020,4,,Manchester United,2,1,1,0,5,1,4,4,2.0,D,WD,2,1,Wolverhampton Wanderers,1–1,Martial 27
2019–2020,5,,Manchester United,3,1,1,1,6,3,3,4,1.33,L,WDL,3,1,Crystal Palace,1–2,James 89
2019–2020,7,,Manchester United,4,1,2,1,7,4,3,5,1.25,D,WDLD,4,1,Southampton,1–1,James 10
2019–2020,4,,Manchester United,5,2,2,1,8,4,4,8,1.6,W,WDLDW,5,2,Leicester City,1–0,Rashford 8 (pen.)
2019–2020,8,,Manchester United,6,2,2,2,8,6,2,8,1.33,L,DLDWL,5,2,West Ham United,0–2,
2019–2020,10,,Manchester United,7,2,3,2,9,7,2,9,1.29,D,LDWLD,6,2,Arsenal,1–1,McTominay 45
2019–2020,12,,Manchester United,8,2,3,3,9,8,1,9,1.12,L,DWLDL,6,2,Newcastle United,0–1,
2019–2020,14,,Manchester United,9,2,4,3,10,9,1,10,1.11,D,WLDLD,7,2,Liverpool,1–1,Rashford 36
2019–2020,7,,Manchester United,10,3,4,3,13,10,3,13,1.3,W,LDLDW,8,2,Norwich City,3–1,"McTominay 21, Rashford 30, Martial 73"
2019–2020,10,,Manchester United,11,3,4,4,13,11,2,13,1.18,L,DLDWL,8,2,Bournemouth,0–1,
2019–2020,7,,Manchester United,12,4,4,4,16,12,4,16,1.33,W,LDWLW,9,2,Brighton & Hove Albion,3–1,"Pereira 17, McTominay 19, Rashford 66"
2019–2020,9,,Manchester United,13,4,5,4,19,15,4,17,1.31,D,DWLWD,10,2,Sheffield United,3–3,"Williams 72, Greenwood 77, Rashford 79"
2019–2020,9,,Manchester United,14,4,6,4,21,17,4,18,1.29,D,WLWDD,11,2,Aston Villa,2–2,"Heaton 42 (o.g.), Lindelöf 64"
2019–2020,6,,Manchester United,15,5,6,4,23,18,5,21,1.4,W,LWDDW,12,2,Tottenham Hotspur,2–1,"Rashford(2)  7, 49 (pen.)"
2019–2020,5,,Manchester United,16,6,6,4,25,19,6,24,1.5,W,WDDWW,13,2,Manchester City,2–1,"Rashford 23 (pen.), Martial 29"
2019–2020,6,,Manchester United,17,6,7,4,26,20,6,25,1.47,D,DDWWD,14,2,Everton,1–1,Greenwood 77
2019–2020,8,,Manchester United,18,6,7,5,26,22,4,25,1.39,L,DWWDL,14,2,Watford,0–2,
2019–2020,8,,Manchester United,19,7,7,5,30,23,7,28,1.47,W,WWDLW,15,2,Newcastle United,4–1,"Martial(2)  24, 51, Greenwood 36, Rashford 41"
2019–2020,5,,Manchester United,20,8,7,5,32,23,9,31,1.55,W,WDLWW,16,3,Burnley,2–0,"Martial 44, Rashford 90+5"
2019–2020,5,,Manchester United,21,8,7,6,32,25,7,31,1.48,L,DLWWL,16,3,Arsenal,0–2,
2019–2020,5,,Manchester United,22,9,7,6,36,25,11,34,1.55,W,LWWLW,17,4,Norwich City,4–0,"Rashford(2)  27, 52 (pen.), Martial 54, Greenwood 76"
2019–2020,5,,Manchester United,23,9,7,7,36,27,9,34,1.48,L,WWLWL,17,4,Liverpool,0–2,
2019–2020,5,,Manchester United,24,9,7,8,36,29,7,34,1.42,L,WLWLL,17,4,Burnley,0–2,
2019–2020,7,,Manchester United,25,9,8,8,36,29,7,35,1.4,D,LWLLD,17,5,Wolverhampton Wanderers,0–0,
2019–2020,7,,Manchester United,26,10,8,8,38,29,9,38,1.46,W,WLLDW,18,6,Chelsea,2–0,"Martial 45, Maguire 66"
2019–2020,5,,Manchester United,27,11,8,8,41,29,12,41,1.52,W,LLDWW,19,7,Watford,3–0,"Fernandes 42 (pen.), Martial 58, Greenwood 75"
2019–2020,5,,Manchester United,28,11,9,8,42,30,12,42,1.5,D,LDWWD,20,7,Everton,1–1,Fernandes 31
2019–2020,5,,Manchester United,29,12,9,8,44,30,14,45,1.55,W,DWWDW,21,8,Manchester City,2–0,"Martial 30, McTominay 90+6"
2019–2020,5,,Manchester United,30,12,10,8,45,31,14,46,1.53,D,WWDWD,22,8,Tottenham Hotspur,1–1,Fernandes 81 (pen.)
2019–2020,5,,Manchester United,31,13,10,8,48,31,17,49,1.58,W,WDWDW,23,9,Sheffield United,3–0,"Martial(3)  7, 44, 74"
2019–2020,5,,Manchester United,32,14,10,8,51,31,20,52,1.62,W,DWDWW,24,10,Brighton & Hove Albion,3–0,"Greenwood 16, Fernandes(2)  29, 50"
2019–2020,5,,Manchester United,33,15,10,8,56,33,23,55,1.67,W,WDWWW,25,10,Bournemouth,5–2,"Greenwood(2)  29, 54, Rashford 35 (pen.), Martial 45+2, Fernandes 59"
2019–2020,5,,Manchester United,34,16,10,8,59,33,26,58,1.71,W,DWWWW,26,11,Aston Villa,3–0,"Fernandes 27 (pen.), Greenwood 45+5, Pogba 58"
2019–2020,5,,Manchester United,35,16,11,8,61,35,26,59,1.69,D,WWWWD,27,11,Southampton,2–2,"Rashford 20, Martial 23"
2019–2020,5,,Manchester United,36,17,11,8,63,35,28,62,1.72,W,WWWDW,28,12,Crystal Palace,2–0,"Rashford 45+1, Martial 78"
2019–2020,3,,Manchester United,37,17,12,8,64,36,28,63,1.7,D,WWDWD,29,12,West Ham United,1–1,Greenwood 51
2019–2020,3,,Manchester United,38,18,12,8,66,36,30,66,1.74,W,WDWDW,30,13,Leicester City,2–0,"Fernandes 71 (pen.), Lingard 90+8"
2020–2021,16,,Manchester United,1,0,0,1,1,3,-2,0,0.0,L,L,1,0,Crystal Palace,1–3,Van de Beek 80
2020–2021,13,,Manchester United,2,1,0,1,4,5,-1,3,1.5,W,LW,2,0,Brighton & Hove Albion,3–2,"Dunk 43 (o.g.), Rashford 55, Fernandes 90+10 (pen.)"
2020–2021,16,,Manchester United,3,1,0,2,5,11,-6,3,1.0,L,LWL,3,0,Tottenham Hotspur,1–6,Fernandes 2 (pen.)
2020–2021,15,,Manchester United,4,2,0,2,9,12,-3,6,1.5,W,LWLW,4,0,Newcastle United,4–1,"Maguire 23, Fernandes 86, Wan-Bissaka 90, Rashford 90+6"
2020–2021,15,,Manchester United,5,2,1,2,9,12,-3,7,1.4,D,LWLWD,4,1,Chelsea,0–0,
2020–2021,15,,Manchester United,6,2,1,3,9,13,-4,7,1.17,L,WLWDL,4,1,Arsenal,0–1,
2020–2021,14,,Manchester United,7,3,1,3,12,14,-2,10,1.43,W,LWDLW,5,1,Everton,3–1,"Fernandes(2)  25, 32, Cavani 90+5"
2020–2021,10,,Manchester United,8,4,1,3,13,14,-1,13,1.62,W,WDLWW,6,2,West Bromwich Albion,1–0,Fernandes 56 (pen.)
2020–2021,9,,Manchester United,9,5,1,3,16,16,0,16,1.78,W,DLWWW,7,2,Southampton,3–2,"Fernandes 59, Cavani(2)  74, 90+2"
2020–2021,6,,Manchester United,10,6,1,3,19,17,2,19,1.9,W,LWWWW,8,2,West Ham United,3–1,"Pogba 65, Greenwood 68, Rashford 78"
2020–2021,8,,Manchester United,11,6,2,3,19,17,2,20,1.82,D,WWWWD,8,3,Manchester City,0–0,
2020–2021,6,,Manchester United,12,7,2,3,22,19,3,23,1.92,W,WWWDW,9,3,Sheffield United,3–2,"Rashford(2)  26, 51, Martial 33"
2020–2021,3,,Manchester United,13,8,2,3,28,21,7,26,2.0,W,WWDWW,10,3,Leeds United,6–2,"McTominay(2)  2, 3, Fernandes(2)  20, 70 (pen.), Lindelöf 37, James 66"
2020–2021,4,,Manchester United,14,8,3,3,30,23,7,27,1.93,D,WDWWD,11,3,Leicester City,2–2,"Rashford 23, Fernandes 79"
2020–2021,2,,Manchester United,15,9,3,3,31,23,8,30,2.0,W,DWWDW,12,4,Wolverhampton Wanderers,1–0,Rashford 90+3
2020–2021,2,,Manchester United,16,10,3,3,33,24,9,33,2.06,W,WWDWW,13,4,Aston Villa,2–1,"Martial 40, Fernandes 61 (pen.)"
2020–2021,1,,Manchester United,17,11,3,3,34,24,10,36,2.12,W,WDWWW,14,5,Burnley,1–0,Pogba 71
2020–2021,1,,Manchester United,18,11,4,3,34,24,10,37,2.06,D,DWWWD,14,6,Liverpool,0–0,
2020–2021,1,,Manchester United,19,12,4,3,36,25,11,40,2.11,W,WWWDW,15,6,Fulham,2–1,"Cavani 21, Pogba 65"
2020–2021,2,,Manchester United,20,12,4,4,37,27,10,40,2.0,L,WWDWL,16,6,Sheffield United,1–2,Maguire 64
2020–2021,2,,Manchester United,21,12,5,4,37,27,10,41,1.95,D,WDWLD,16,7,Arsenal,0–0,
2020–2021,2,,Manchester United,22,13,5,4,46,27,19,44,2.0,W,DWLDW,17,8,Southampton,9–0,"Wan-Bissaka 18, Rashford 25, Bednarek 34 (o.g.), Cavani 39, Martial(2)  69, 90, McTominay 71, Fernandes 87 (pen.), James 90+3"
2020–2021,2,,Manchester United,23,13,6,4,49,30,19,45,1.96,D,WLDWD,18,8,Everton,3–3,"Cavani 24, Fernandes 45, McTominay 70"
2020–2021,2,,Manchester United,24,13,7,4,50,31,19,46,1.92,D,LDWDD,19,8,West Bromwich Albion,1–1,Fernandes 44
2020–2021,2,,Manchester United,25,14,7,4,53,32,21,49,1.96,W,DWDDW,20,8,Newcastle United,3–1,"Rashford 30, James 57, Fernandes 75 (pen.)"
2020–2021,2,,Manchester United,26,14,8,4,53,32,21,50,1.92,D,WDDWD,20,9,Chelsea,0–0,
2020–2021,2,,Manchester United,27,14,9,4,53,32,21,51,1.89,D,DDWDD,20,10,Crystal Palace,0–0,
2020–2021,2,,Manchester United,28,15,9,4,55,32,23,54,1.93,W,DWDDW,21,11,Manchester City,2–0,"Fernandes 2 (pen.), Shaw 50"
2020–2021,2,,Manchester United,29,16,9,4,56,32,24,57,1.97,W,WDDWW,22,12,West Ham United,1–0,Dawson 53 (o.g.)
2020–2021,2,,Manchester United,30,17,9,4,58,33,25,60,2.0,W,DDWWW,23,12,Brighton & Hove Albion,2–1,"Rashford 62, Greenwood 83"
2020–2021,2,,Manchester United,31,18,9,4,61,34,27,63,2.03,W,DWWWW,24,12,Tottenham Hotspur,3–1,"Fred 57, Cavani 79, Greenwood 90+6"
2020–2021,2,,Manchester United,32,19,9,4,64,35,29,66,2.06,W,WWWWW,25,12,Burnley,3–1,"Greenwood(2)  48, 84, Cavani 90+3"
2020–2021,2,,Manchester United,33,19,10,4,64,35,29,67,2.03,D,WWWWD,25,13,Leeds United,0–0,
2020–2021,2,,Manchester United,34,20,10,4,67,36,31,70,2.06,W,WWWDW,26,13,Aston Villa,3–1,"Fernandes 52 (pen.), Greenwood 56, Cavani 87"
2020–2021,2,,Manchester United,35,20,10,5,68,38,30,70,2.0,L,WWDWL,27,13,Leicester City,1–2,Greenwood 15
2020–2021,2,,Manchester United,36,20,10,6,70,42,28,70,1.94,L,WDWLL,28,13,Liverpool,2–4,"Fernandes 10, Rashford 68"
2020–2021,2,,Manchester United,37,20,11,6,71,43,28,71,1.92,D,DWLLD,29,13,Fulham,1–1,Cavani 15
2020–2021,2,,Manchester United,38,21,11,6,73,44,29,74,1.95,W,WLLDW,30,13,Wolverhampton Wanderers,2–1,"Elanga 13, Mata 45+4 (pen.)"
2021–2022,1,,Manchester United,1,1,0,0,5,1,4,3,3.0,W,W,1,0,Leeds United,5–1,"Fernandes(3)  30, 54, 60, Greenwood 52, Fred 68"
2021–2022,5,,Manchester United,2,1,1,0,6,2,4,4,2.0,D,WD,2,0,Southampton,1–1,Greenwood 55
2021–2022,3,,Manchester United,3,2,1,0,7,2,5,7,2.33,W,WDW,3,1,Wolverhampton Wanderers,1–0,Greenwood 80
2021–2022,1,,Manchester United,4,3,1,0,11,3,8,10,2.5,W,WDWW,4,1,Newcastle United,4–1,"Ronaldo(2)  45+2, 62, Fernandes 80, Lingard 90+2"
2021–2022,3,,Manchester United,5,4,1,0,13,4,9,13,2.6,W,WDWWW,5,1,West Ham United,2–1,"Ronaldo 35, Lingard 89"
2021–2022,4,,Manchester United,6,4,1,1,13,5,8,13,2.17,L,DWWWL,5,1,Aston Villa,0–1,
2021–2022,4,,Manchester United,7,4,2,1,14,6,8,14,2.0,D,WWWLD,6,1,Everton,1–1,Martial 43
2021–2022,5,,Manchester United,8,4,2,2,16,10,6,14,1.75,L,WWLDL,7,1,Leicester City,2–4,"Greenwood 19, Rashford 82"
2021–2022,7,,Manchester United,9,4,2,3,16,15,1,14,1.56,L,WLDLL,7,1,Liverpool,0–5,
2021–2022,5,,Manchester United,10,5,2,3,19,15,4,17,1.7,W,LDLLW,8,2,Tottenham Hotspur,3–0,"Ronaldo 39, Cavani 64, Rashford 86"
2021–2022,5,,Manchester United,11,5,2,4,19,17,2,17,1.55,L,DLLWL,8,2,Manchester City,0–2,
2021–2022,7,,Manchester United,12,5,2,5,20,21,-1,17,1.42,L,LLWLL,9,2,Watford,1–4,Van de Beek 50
2021–2022,8,,Manchester United,13,5,3,5,21,22,-1,18,1.38,D,LWLLD,10,2,Chelsea,1–1,Sancho 50
2021–2022,7,,Manchester United,14,6,3,5,24,24,0,21,1.5,W,WLLDW,11,2,Arsenal,3–2,"Fernandes 44, Ronaldo(2)  52, 70 (pen.)"
2021–2022,6,,Manchester United,15,7,3,5,25,24,1,24,1.6,W,LLDWW,12,3,Crystal Palace,1–0,Fred 77
2021–2022,5,,Manchester United,16,8,3,5,26,24,2,27,1.69,W,LDWWW,13,4,Norwich City,1–0,Ronaldo 75 (pen.)
2021–2022,7,,Manchester United,17,8,4,5,27,25,2,28,1.65,D,DWWWD,14,4,Newcastle United,1–1,Cavani 71
2021–2022,6,,Manchester United,18,9,4,5,30,26,4,31,1.72,W,WWWDW,15,4,Burnley,3–1,"McTominay 8, Mee 27 (o.g.), Ronaldo 35"
2021–2022,7,,Manchester United,19,9,4,6,30,27,3,31,1.63,L,WWDWL,15,4,Wolverhampton Wanderers,0–1,
2021–2022,7,,Manchester United,20,9,5,6,32,29,3,32,1.6,D,WDWLD,16,4,Aston Villa,2–2,"Fernandes(2)  6, 67"
2021–2022,7,,Manchester United,21,10,5,6,35,30,5,35,1.67,W,DWLDW,17,4,Brentford,3–1,"Elanga 55, Greenwood 62, Rashford 77"
2021–2022,4,,Manchester United,22,11,5,6,36,30,6,38,1.73,W,WLDWW,18,5,West Ham United,1–0,Rashford 90+3
2021–2022,6,,Manchester United,23,11,6,6,37,31,6,39,1.7,D,LDWWD,19,5,Burnley,1–1,Pogba 18
2021–2022,5,,Manchester United,24,11,7,6,38,32,6,40,1.67,D,DWWDD,20,5,Southampton,1–1,Sancho 21
2021–2022,4,,Manchester United,25,12,7,6,40,32,8,43,1.72,W,WWDDW,21,6,Brighton & Hove Albion,2–0,"Ronaldo 51, Fernandes 90+7"
2021–2022,4,,Manchester United,26,13,7,6,44,34,10,46,1.77,W,WDDWW,22,6,Leeds United,4–2,"Maguire 34, Fernandes 45+5, Fred 70, Elanga 88"
2021–2022,4,,Manchester United,27,13,8,6,44,34,10,47,1.74,D,DDWWD,22,7,Watford,0–0,
2021–2022,5,,Manchester United,28,13,8,7,45,38,7,47,1.68,L,DWWDL,23,7,Manchester City,1–4,Sancho 22
2021–2022,5,,Manchester United,29,14,8,7,48,40,8,50,1.72,W,WWDLW,24,7,Tottenham Hotspur,3–2,"Ronaldo(3)  12, 38, 81"
2021–2022,7,,Manchester United,30,14,9,7,49,41,8,51,1.7,D,WDLWD,25,7,Leicester City,1–1,Fred 66
2021–2022,7,,Manchester United,31,14,9,8,49,42,7,51,1.65,L,DLWDL,25,7,Everton,0–1,
2021–2022,5,,Manchester United,32,15,9,8,52,44,8,54,1.69,W,LWDLW,26,7,Norwich City,3–2,"Ronaldo(3)  7, 32, 76"
2021–2022,6,,Manchester United,33,15,9,9,52,48,4,54,1.64,L,WDLWL,26,7,Liverpool,0–4,
2021–2022,6,,Manchester United,34,15,9,10,53,51,2,54,1.59,L,DLWLL,27,7,Arsenal,1–3,Ronaldo 34
2021–2022,6,,Manchester United,35,15,10,10,54,52,2,55,1.57,D,LWLLD,28,7,Chelsea,1–1,Ronaldo 62
2021–2022,6,,Manchester United,36,16,10,10,57,52,5,58,1.61,W,WLLDW,29,8,Brentford,3–0,"Fernandes 9, Ronaldo 61 (pen.), Varane 72"
2021–2022,6,,Manchester United,37,16,10,11,57,56,1,58,1.57,L,LLDWL,29,8,Brighton & Hove Albion,0–4,
2021–2022,6,,Manchester United,38,16,10,12,57,57,0,58,1.53,L,LDWLL,29,8,Crystal Palace,0–1,
2022–2023,13,,Manchester United,1,0,0,1,1,2,-1,0,0.0,L,L,1,0,Brighton & Hove Albion,1–2,Mac Allister 68 (o.g.)
2022–2023,20,,Manchester United,2,0,0,2,1,6,-5,0,0.0,L,LL,1,0,Brentford,0–4,
2022–2023,14,,Manchester United,3,1,0,2,3,7,-4,3,1.0,W,LLW,2,0,Liverpool,2–1,"Sancho 16, Rashford 53"
2022–2023,7,,Manchester United,4,2,0,2,4,7,-3,6,1.5,W,LLWW,3,1,Southampton,1–0,Fernandes 55
2022–2023,5,,Manchester United,5,3,0,2,5,7,-2,9,1.8,W,LLWWW,4,2,Leicester City,1–0,Sancho 23
2022–2023,5,,Manchester United,6,4,0,2,8,8,0,12,2.0,W,LWWWW,5,2,Arsenal,3–1,"Antony 35, Rashford(2)  66, 75"
2022–2023,6,,Manchester United,7,4,0,3,11,14,-3,12,1.71,L,WWWWL,6,2,Manchester City,3–6,"Antony 56, Martial(2)  84, 90+1 (pen.)"
2022–2023,5,,Manchester United,8,5,0,3,13,15,-2,15,1.88,W,WWWLW,7,2,Everton,2–1,"Antony 15, Ronaldo 44"
2022–2023,5,,Manchester United,9,5,1,3,13,15,-2,16,1.78,D,WWLWD,7,3,Newcastle United,0–0,
2022–2023,5,,Manchester United,10,6,1,3,15,15,0,19,1.9,W,WLWDW,8,4,Tottenham Hotspur,2–0,"Fred 47, Fernandes 69"
2022–2023,5,,Manchester United,11,6,2,3,16,16,0,20,1.82,D,LWDWD,9,4,Chelsea,1–1,Casemiro 90+4
2022–2023,5,,Manchester United,12,7,2,3,17,16,1,23,1.92,W,WDWDW,10,5,West Ham United,1–0,Rashford 38
2022–2023,5,,Manchester United,13,7,2,4,18,19,-1,23,1.77,L,DWDWL,11,5,Aston Villa,1–3,Ramsey 45 (o.g.)
2022–2023,5,,Manchester United,14,8,2,4,20,20,0,26,1.86,W,WDWLW,12,5,Fulham,2–1,"Eriksen 14, Garnacho 90+3"
2022–2023,5,,Manchester United,15,9,2,4,23,20,3,29,1.93,W,DWLWW,13,6,Nottingham Forest,3–0,"Rashford 19, Martial 22, Fred 87"
2022–2023,4,,Manchester United,16,10,2,4,24,20,4,32,2.0,W,WLWWW,14,7,Wolverhampton Wanderers,1–0,Rashford 76
2022–2023,4,,Manchester United,17,11,2,4,27,20,7,35,2.06,W,LWWWW,15,8,Bournemouth,3–0,"Casemiro 23, Shaw 49, Rashford 86"
2022–2023,4,,Manchester United,18,12,2,4,29,21,8,38,2.11,W,WWWWW,16,8,Manchester City,2–1,"Fernandes 78, Rashford 82"
2022–2023,3,,Manchester United,19,12,3,4,30,22,8,39,2.05,D,WWWWD,17,8,Crystal Palace,1–1,Fernandes 43
2022–2023,4,,Manchester United,20,12,3,5,32,25,7,39,1.95,L,WWWDL,18,8,Arsenal,2–3,"Rashford 17, Martínez 59"
2022–2023,3,,Manchester United,21,13,3,5,34,26,8,42,2.0,W,WWDLW,19,8,Crystal Palace,2–1,"Fernandes 7 (pen.), Rashford 62"
2022–2023,3,,Manchester United,22,13,4,5,36,28,8,43,1.95,D,WDLWD,20,8,Leeds United,2–2,"Rashford 62, Sancho 70"
2022–2023,3,,Manchester United,23,14,4,5,38,28,10,46,2.0,W,DLWDW,21,9,Leeds United,2–0,"Rashford 80, Garnacho 85"
2022–2023,3,,Manchester United,24,15,4,5,41,28,13,49,2.04,W,LWDWW,22,10,Leicester City,3–0,"Rashford(2)  25, 56, Sancho 61"
2022–2023,3,,Manchester United,25,15,4,6,41,35,6,49,1.96,L,WDWWL,22,10,Liverpool,0–7,
2022–2023,3,,Manchester United,26,15,5,6,41,35,6,50,1.92,D,DWWLD,22,11,Southampton,0–0,
2022–2023,4,,Manchester United,27,15,5,7,41,37,4,50,1.85,L,WWLDL,22,11,Newcastle United,0–2,
2022–2023,4,,Manchester United,28,16,5,7,42,37,5,53,1.89,W,WLDLW,23,12,Brentford,1–0,Rashford 27
2022–2023,4,,Manchester United,29,17,5,7,44,37,7,56,1.93,W,LDLWW,24,13,Everton,2–0,"McTominay 36, Martial 71"
2022–2023,3,,Manchester United,30,18,5,7,46,37,9,59,1.97,W,DLWWW,25,14,Nottingham Forest,2–0,"Antony 32, Dalot 76"
2022–2023,4,,Manchester United,31,18,6,7,48,39,9,60,1.94,D,LWWWD,26,14,Tottenham Hotspur,2–2,"Sancho 7, Rashford 44"
2022–2023,4,,Manchester United,32,19,6,7,49,39,10,63,1.97,W,WWWDW,27,15,Aston Villa,1–0,Fernandes 39
2022–2023,4,,Manchester United,33,19,6,8,49,40,9,63,1.91,L,WWDWL,27,15,Brighton & Hove Albion,0–1,
2022–2023,4,,Manchester United,34,19,6,9,49,41,8,63,1.85,L,WDWLL,27,15,West Ham United,0–1,
2022–2023,4,,Manchester United,35,20,6,9,51,41,10,66,1.89,W,DWLLW,28,16,Wolverhampton Wanderers,2–0,"Martial 32, Garnacho 90+4"
2022–2023,4,,Manchester United,36,21,6,9,52,41,11,69,1.92,W,WLLWW,29,17,Bournemouth,1–0,Casemiro 9
2022–2023,3,,Manchester United,37,22,6,9,56,42,14,72,1.95,W,LLWWW,30,17,Chelsea,4–1,"Casemiro 6, Martial 45+6, Fernandes 73 (pen.), Rashford 78"
2022–2023,3,,Manchester United,38,23,6,9,58,43,15,75,1.97,W,LWWWW,31,17,Fulham,2–1,"Sancho 39, Fernandes 55"
2023–2024,7,,Manchester United,1,1,0,0,1,0,1,3,3.0,W,W,1,1,Wolverhampton Wanderers,1–0,Varane 76
2023–2024,12,,Manchester United,2,1,0,1,1,2,-1,3,1.5,L,WL,1,1,Tottenham Hotspur,0–2,
2023–2024,8,,Manchester United,3,2,0,1,4,4,0,6,2.0,W,WLW,2,1,Nottingham Forest,3–2,"Eriksen 17, Casemiro 52, Fernandes 76 (pen.)"
2023–2024,11,,Manchester United,4,2,0,2,5,7,-2,6,1.5,L,WLWL,3,1,Arsenal,1–3,Rashford 27
2023–2024,13,,Manchester United,5,2,0,3,6,10,-4,6,1.2,L,WLWLL,4,1,Brighton & Hove Albion,1–3,Mejbri 73
2023–2024,9,,Manchester United,6,3,0,3,7,10,-3,9,1.5,W,LWLLW,5,2,Burnley,1–0,Fernandes 45
2023–2024,10,,Manchester United,7,3,0,4,7,11,-4,9,1.29,L,WLLWL,5,2,Crystal Palace,0–1,
2023–2024,10,,Manchester United,8,4,0,4,9,12,-3,12,1.5,W,LLWLW,6,2,Brentford,2–1,"McTominay(2)  90+3, 90+7"
2023–2024,8,,Manchester United,9,5,0,4,11,13,-2,15,1.67,W,LWLWW,7,2,Sheffield United,2–1,"McTominay 28, Dalot 77"
2023–2024,8,,Manchester United,10,5,0,5,11,16,-5,15,1.5,L,WLWWL,7,2,Manchester City,0–3,
2023–2024,8,,Manchester United,11,6,0,5,12,16,-4,18,1.64,W,LWWLW,8,3,Fulham,1–0,Fernandes 90+1
2023–2024,6,,Manchester United,12,7,0,5,13,16,-3,21,1.75,W,WWLWW,9,4,Luton Town,1–0,Lindelöf 59
2023–2024,6,,Manchester United,13,8,0,5,16,16,0,24,1.85,W,WLWWW,10,5,Everton,3–0,"Garnacho 3, Rashford 56 (pen.), Martial 75"
2023–2024,7,,Manchester United,14,8,0,6,16,17,-1,24,1.71,L,LWWWL,10,5,Newcastle United,0–1,
2023–2024,6,,Manchester United,15,9,0,6,18,18,0,27,1.8,W,WWWLW,11,5,Chelsea,2–1,"McTominay(2)  19, 69"
2023–2024,6,,Manchester United,16,9,0,7,18,21,-3,27,1.69,L,WWLWL,11,5,Bournemouth,0–3,
2023–2024,7,,Manchester United,17,9,1,7,18,21,-3,28,1.65,D,WLWLD,11,6,Liverpool,0–0,
2023–2024,8,,Manchester United,18,9,1,8,18,23,-5,28,1.56,L,LWLDL,11,6,West Ham United,0–2,
2023–2024,7,,Manchester United,19,10,1,8,21,25,-4,31,1.63,W,WLDLW,12,6,Aston Villa,3–2,"Garnacho(2)  59, 71, Højlund 82"
2023–2024,8,,Manchester United,20,10,1,9,22,27,-5,31,1.55,L,LDLWL,13,6,Nottingham Forest,1–2,Rashford 78
2023–2024,7,,Manchester United,21,10,2,9,24,29,-5,32,1.52,D,DLWLD,14,6,Tottenham Hotspur,2–2,"Højlund 3, Rashford 40"
2023–2024,7,,Manchester United,22,11,2,9,28,32,-4,35,1.59,W,LWLDW,15,6,Wolverhampton Wanderers,4–3,"Rashford 5, Højlund 22, McTominay 75, Mainoo 90+7"
2023–2024,6,,Manchester United,23,12,2,9,31,32,-1,38,1.65,W,WLDWW,16,7,West Ham United,3–0,"Højlund 23, Garnacho(2)  49, 84"
2023–2024,6,,Manchester United,24,13,2,9,33,33,0,41,1.71,W,LDWWW,17,7,Aston Villa,2–1,"Højlund 17, McTominay 86"
2023–2024,6,,Manchester United,25,14,2,9,35,34,1,44,1.76,W,DWWWW,18,7,Luton Town,2–1,"Højlund(2)  1, 7"
2023–2024,6,,Manchester United,26,14,2,10,36,36,0,44,1.69,L,WWWWL,19,7,Fulham,1–2,Maguire 89
2023–2024,6,,Manchester United,27,14,2,11,37,39,-2,44,1.63,L,WWWLL,20,7,Manchester City,1–3,Rashford 8
2023–2024,6,,Manchester United,28,15,2,11,39,39,0,47,1.68,W,WWLLW,21,8,Everton,2–0,"Fernandes 12 (pen.), Rashford 36 (pen.)"
2023–2024,6,,Manchester United,29,15,3,11,40,40,0,48,1.66,D,WLLWD,22,8,Brentford,1–1,Mount 90+6
2023–2024,6,,Manchester United,30,15,3,12,43,44,-1,48,1.6,L,LLWDL,23,8,Chelsea,3–4,"Garnacho(2)  34, 67, Fernandes 39"
2023–2024,6,,Manchester United,31,15,4,12,45,46,-1,49,1.58,D,LWDLD,24,8,Liverpool,2–2,"Fernandes 50, Mainoo 67"
2023–2024,7,,Manchester United,32,15,5,12,47,48,-1,50,1.56,D,WDLDD,25,8,Bournemouth,2–2,"Fernandes(2)  31, 65 (pen.)"
2023–2024,6,,Manchester United,33,16,5,12,51,50,1,53,1.61,W,DLDDW,26,8,Sheffield United,4–2,"Maguire 42, Fernandes(2)  61 (pen.), 81, Højlund 85"
2023–2024,6,,Manchester United,34,16,6,12,52,51,1,54,1.59,D,LDDWD,27,8,Burnley,1–1,Antony 79
2023–2024,8,,Manchester United,35,16,6,13,52,55,-3,54,1.54,L,DDWDL,27,8,Crystal Palace,0–4,
2023–2024,8,,Manchester United,36,16,6,14,52,56,-4,54,1.5,L,DWDLL,27,8,Arsenal,0–1,
2023–2024,8,,Manchester United,37,17,6,14,55,58,-3,57,1.54,W,WDLLW,28,8,Newcastle United,3–2,"Mainoo 31, Diallo 57, Højlund 84"
2023–2024,8,,Manchester United,38,18,6,14,57,58,-1,60,1.58,W,DLLWW,29,9,Brighton & Hove Albion,2–0,"Dalot 73, Højlund 88"
2024–2025,1,,Manchester United,1,1,0,0,1,0,1,3,3.0,W,W,1,1,Fulham,1–0,Zirkzee 87
2024–2025,11,,Manchester United,2,1,0,1,2,2,0,3,1.5,L,WL,2,1,Brighton & Hove Albion,1–2,Diallo 60
2024–2025,14,,Manchester United,3,1,0,2,2,5,-3,3,1.0,L,WLL,2,1,Liverpool,0–3,
2024–2025,10,,Manchester United,4,2,0,2,5,5,0,6,1.5,W,WLLW,3,2,Southampton,3–0,"De Ligt 35, Rashford 41, Garnacho 90+6"
2024–2025,11,,Manchester United,5,2,1,2,5,5,0,7,1.4,D,WLLWD,3,3,Crystal Palace,0–0,
2024–2025,13,,Manchester United,6,2,1,3,5,8,-3,7,1.17,L,LLWDL,3,3,Tottenham Hotspur,0–3,
2024–2025,14,,Manchester United,7,2,2,3,5,8,-3,8,1.14,D,LWDLD,3,4,Aston Villa,0–0,
2024–2025,11,,Manchester United,8,3,2,3,7,9,-2,11,1.38,W,WDLDW,4,4,Brentford,2–1,"Garnacho 47, Højlund 62"
2024–2025,14,,Manchester United,9,3,2,4,8,11,-3,11,1.22,L,DLDWL,5,4,West Ham United,1–2,Casemiro 81
2024–2025,13,,Manchester United,10,3,3,4,9,12,-3,12,1.2,D,LDWLD,6,4,Chelsea,1–1,Fernandes 70 (pen.)
2024–2025,13,,Manchester United,11,4,3,4,12,12,0,15,1.36,W,DWLDW,7,5,Leicester City,3–0,"Fernandes 17, Kristiansen 38 (o.g.), Garnacho 82"
2024–2025,12,,Manchester United,12,4,4,4,13,13,0,16,1.33,D,WLDWD,8,5,Ipswich Town,1–1,Rashford 2
2024–2025,9,,Manchester United,13,5,4,4,17,13,4,19,1.46,W,LDWDW,9,6,Everton,4–0,"Rashford(2)  34, 46, Zirkzee(2)  41, 64"
2024–2025,13,,Manchester United,14,5,4,5,17,15,2,19,1.36,L,DWDWL,9,6,Arsenal,0–2,
2024–2025,13,,Manchester United,15,5,4,6,19,18,1,19,1.27,L,WDWLL,10,6,Nottingham Forest,2–3,"Højlund 18, Fernandes 61"
2024–2025,13,,Manchester United,16,6,4,6,21,19,2,22,1.38,W,DWLLW,11,6,Manchester City,2–1,"Fernandes 88 (pen.), Diallo 90"
2024–2025,13,,Manchester United,17,6,4,7,21,22,-1,22,1.29,L,WLLWL,11,6,Bournemouth,0–3,
2024–2025,14,,Manchester United,18,6,4,8,21,24,-3,22,1.22,L,LLWLL,11,6,Wolverhampton Wanderers,0–2,
2024–2025,14,,Manchester United,19,6,4,9,21,26,-5,22,1.16,L,LWLLL,11,6,Newcastle United,0–2,
2024–2025,13,,Manchester United,20,6,5,9,23,28,-5,23,1.15,D,WLLLD,12,6,Liverpool,2–2,"Martínez 52, Diallo 80"
2024–2025,12,,Manchester United,21,7,5,9,26,29,-3,26,1.24,W,LLLDW,13,6,Southampton,3–1,"Diallo(3)  82, 90, 90+4"
2024–2025,13,,Manchester United,22,7,5,10,27,32,-5,26,1.18,L,LLDWL,14,6,Brighton & Hove Albion,1–3,Fernandes 23 (pen.)
2024–2025,12,,Manchester United,23,8,5,10,28,32,-4,29,1.26,W,LDWLW,15,7,Fulham,1–0,Martínez 78
2024–2025,13,,Manchester United,24,8,5,11,28,34,-6,29,1.21,L,DWLWL,15,7,Crystal Palace,0–2,
2024–2025,15,,Manchester United,25,8,5,12,28,35,-7,29,1.16,L,WLWLL,15,7,Tottenham Hotspur,0–1,
2024–2025,15,,Manchester United,26,8,6,12,30,37,-7,30,1.15,D,LWLLD,16,7,Everton,2–2,"Fernandes 72, Ugarte 80"
2024–2025,14,,Manchester United,27,9,6,12,33,39,-6,33,1.22,W,WLLDW,17,7,Ipswich Town,3–2,"Morsy 22 (o.g.), De Ligt 26, Maguire 47"
2024–2025,14,,Manchester United,28,9,7,12,34,40,-6,34,1.21,D,LLDWD,18,7,Arsenal,1–1,Fernandes 45+2
2024–2025,13,,Manchester United,29,10,7,12,37,40,-3,37,1.28,W,LDWDW,19,8,Leicester City,3–0,"Højlund 28, Garnacho 67, Fernandes 90"
2024–2025,13,,Manchester United,30,10,7,13,37,41,-4,37,1.23,L,DWDWL,19,8,Nottingham Forest,0–1,
2024–2025,13,,Manchester United,31,10,8,13,37,41,-4,38,1.23,D,WDWLD,19,9,Manchester City,0–0,
2024–2025,14,,Manchester United,32,10,8,14,38,45,-7,38,1.19,L,DWLDL,20,9,Newcastle United,1–4,Garnacho 37
2024–2025,14,,Manchester United,33,10,8,15,38,46,-8,38,1.15,L,WLDLL,20,9,Wolverhampton Wanderers,0–1,
2024–2025,14,,Manchester United,34,10,9,15,39,47,-8,39,1.15,D,LDLLD,21,9,Bournemouth,1–1,Højlund 90+6
2024–2025,15,,Manchester United,35,10,9,16,42,51,-9,39,1.11,L,DLLDL,22,9,Brentford,3–4,"Mount 14, Garnacho 82, Diallo 90+5"
2024–2025,16,,Manchester United,36,10,9,17,42,53,-11,39,1.08,L,LLDLL,22,9,West Ham United,0–2,
2024–2025,16,,Manchester United,37,10,9,18,42,54,-12,39,1.05,L,LDLLL,22,9,Chelsea,0–1,
2024–2025,15,,Manchester United,38,11,9,18,44,54,-10,42,1.11,W,DLLLW,23,10,Aston Villa,2–0,"Diallo 76, Eriksen 87 (pen.)"
2025–2026,15,,Manchester United,1,0,0,1,0,1,-1,0,0.0,L,L,0,0,Arsenal,0–1,
2025–2026,16,,Manchester United,2,0,1,1,1,2,-1,1,0.5,D,LD,1,0,Fulham,1–1,Muniz 58 (o.g.)
2025–2026,9,,Manchester United,3,1,1,1,4,4,0,4,1.33,W,LDW,2,0,Burnley,3–2,"Cullen 27 (o.g.), Mbeumo 57, Fernandes 90+7 (pen.)"
2025–2026,14,,Manchester United,4,1,1,2,4,7,-3,4,1.0,L,LDWL,2,0,Manchester City,0–3,
2025–2026,10,,Manchester United,5,2,1,2,6,8,-2,7,1.4,W,LDWLW,3,0,Chelsea,2–1,"Fernandes 14, Casemiro 37"
2025–2026,14,,Manchester United,6,2,1,3,7,11,-4,7,1.17,L,DWLWL,4,0,Brentford,1–3,Šeško 26
2025–2026,10,,Manchester United,7,3,1,3,9,11,-2,10,1.43,W,WLWLW,5,1,Sunderland,2–0,"Mount 8, Šeško 31"
2025–2026,9,,Manchester United,8,4,1,3,11,12,-1,13,1.62,W,LWLWW,6,1,Liverpool,2–1,"Mbeumo 2, Maguire 84"
2025–2026,6,,Manchester United,9,5,1,3,15,14,1,16,1.78,W,WLWWW,7,1,Brighton & Hove Albion,4–2,"Cunha 24, Casemiro 34, Mbeumo(2)  61, 90+6"
2025–2026,8,,Manchester United,10,5,2,3,17,16,1,17,1.7,D,LWWWD,8,1,Nottingham Forest,2–2,"Casemiro 34, Diallo 81"
2025–2026,7,,Manchester United,11,5,3,3,19,18,1,18,1.64,D,WWWDD,9,1,Tottenham Hotspur,2–2,"Mbeumo 32, De Ligt 90+6"
2025–2026,10,,Manchester United,12,5,3,4,19,19,0,18,1.5,L,WWDDL,9,1,Everton,0–1,
2025–2026,7,,Manchester United,13,6,3,4,21,20,1,21,1.62,W,WDDLW,10,1,Crystal Palace,2–1,"Zirkzee 54, Mount 63"
2025–2026,8,,Manchester United,14,6,4,4,22,21,1,22,1.57,D,DDLWD,11,1,West Ham United,1–1,Dalot 58
2025–2026,6,,Manchester United,15,7,4,4,26,22,4,25,1.67,W,DLWDW,12,1,Wolverhampton Wanderers,4–1,"Fernandes(2)  25, 82 (pen.), Mbeumo 51, Mount 62"
2025–2026,6,,Manchester United,16,7,5,4,30,26,4,26,1.62,D,LWDWD,13,1,Bournemouth,4–4,"Diallo 13, Casemiro 45+4, Fernandes 77, Cunha 79"
2025–2026,7,,Manchester United,17,7,5,5,31,28,3,26,1.53,L,WDWDL,14,1,Aston Villa,1–2,Cunha 45+3
2025–2026,6,,Manchester United,18,8,5,5,32,28,4,29,1.61,W,DWDLW,15,2,Newcastle United,1–0,Dorgu 24
2025–2026,6,,Manchester United,19,8,6,5,33,29,4,30,1.58,D,WDLWD,16,2,Wolverhampton Wanderers,1–1,Zirkzee 27
2025–2026,6,,Manchester United,20,8,7,5,34,30,4,31,1.55,D,DLWDD,17,2,Leeds United,1–1,Cunha 65
2025–2026,7,,Manchester United,21,8,8,5,36,32,4,32,1.52,D,LWDDD,18,2,Burnley,2–2,"Šeško(2)  50, 60"
2025–2026,5,,Manchester United,22,9,8,5,38,32,6,35,1.59,W,WDDDW,19,3,Manchester City,2–0,"Mbeumo 65, Dorgu 76"
2025–2026,4,,Manchester United,23,10,8,5,41,34,7,38,1.65,W,DDDWW,20,3,Arsenal,3–2,"Mbeumo 37, Dorgu 50, Cunha 87"
2025–2026,4,,Manchester United,24,11,8,5,44,36,8,41,1.71,W,DDWWW,21,3,Fulham,3–2,"Casemiro 19, Cunha 56, Šeško 90+4"
2025–2026,4,,Manchester United,25,12,8,5,46,36,10,44,1.76,W,DWWWW,22,4,Tottenham Hotspur,2–0,"Mbeumo 38, Fernandes 81"
2025–2026,4,,Manchester United,26,12,9,5,47,37,10,45,1.73,D,WWWWD,23,4,West Ham United,1–1,Šeško 90+6
